seed,fold,model,condition,round,mean_pairwise_l2
0,0,weak-MLP,100,0,0.054989
0,0,weak-MLP,100,1,0.056849
0,0,weak-MLP,100,2,0.061635
0,0,weak-MLP,100,3,0.067344
0,0,weak-MLP,1.0,0,0.086747
0,0,weak-MLP,1.0,1,0.086308
0,0,weak-MLP,1.0,2,0.0928
0,0,weak-MLP,1.0,3,0.100599
0,0,weak-MLP,0.5,0,0.370652
0,0,weak-MLP,0.5,1,0.365284
0,0,weak-MLP,0.5,2,0.385317
0,0,weak-MLP,0.5,3,0.409004
0,0,weak-MLP,0.1,0,0.444317
0,0,weak-MLP,0.1,1,0.437255
0,0,weak-MLP,0.1,2,0.459365
0,0,weak-MLP,0.1,3,0.485247
0,0,weak-MLP,natural,0,0.284282
0,0,weak-MLP,natural,1,0.279354
0,0,weak-MLP,natural,2,0.292304
0,0,weak-MLP,natural,3,0.307474
0,1,weak-MLP,100,0,0.033169
0,1,weak-MLP,100,1,0.033216
0,1,weak-MLP,100,2,0.037023
0,1,weak-MLP,100,3,0.042032
0,1,weak-MLP,1.0,0,0.101642
0,1,weak-MLP,1.0,1,0.099799
0,1,weak-MLP,1.0,2,0.10567
0,1,weak-MLP,1.0,3,0.112649
0,1,weak-MLP,0.5,0,0.349818
0,1,weak-MLP,0.5,1,0.343241
0,1,weak-MLP,0.5,2,0.359826
0,1,weak-MLP,0.5,3,0.379261
0,1,weak-MLP,0.1,0,0.441755
0,1,weak-MLP,0.1,1,0.433762
0,1,weak-MLP,0.1,2,0.454325
0,1,weak-MLP,0.1,3,0.478393
0,1,weak-MLP,natural,0,0.268473
0,1,weak-MLP,natural,1,0.264872
0,1,weak-MLP,natural,2,0.277045
0,1,weak-MLP,natural,3,0.291089
0,2,weak-MLP,100,0,0.04857
0,2,weak-MLP,100,1,0.049387
0,2,weak-MLP,100,2,0.053302
0,2,weak-MLP,100,3,0.058019
0,2,weak-MLP,1.0,0,0.086219
0,2,weak-MLP,1.0,1,0.086125
0,2,weak-MLP,1.0,2,0.091954
0,2,weak-MLP,1.0,3,0.09886
0,2,weak-MLP,0.5,0,0.347678
0,2,weak-MLP,0.5,1,0.343082
0,2,weak-MLP,0.5,2,0.359789
0,2,weak-MLP,0.5,3,0.379144
0,2,weak-MLP,0.1,0,0.440086
0,2,weak-MLP,0.1,1,0.434918
0,2,weak-MLP,0.1,2,0.456124
0,2,weak-MLP,0.1,3,0.48039
0,2,weak-MLP,natural,0,0.287464
0,2,weak-MLP,natural,1,0.28662
0,2,weak-MLP,natural,2,0.301861
0,2,weak-MLP,natural,3,0.319228
0,3,weak-MLP,100,0,0.042097
0,3,weak-MLP,100,1,0.042361
0,3,weak-MLP,100,2,0.046746
0,3,weak-MLP,100,3,0.051969
0,3,weak-MLP,1.0,0,0.086551
0,3,weak-MLP,1.0,1,0.086906
0,3,weak-MLP,1.0,2,0.093782
0,3,weak-MLP,1.0,3,0.101895
0,3,weak-MLP,0.5,0,0.343401
0,3,weak-MLP,0.5,1,0.33837
0,3,weak-MLP,0.5,2,0.355714
0,3,weak-MLP,0.5,3,0.375663
0,3,weak-MLP,0.1,0,0.443851
0,3,weak-MLP,0.1,1,0.437534
0,3,weak-MLP,0.1,2,0.459743
0,3,weak-MLP,0.1,3,0.485061
0,3,weak-MLP,natural,0,0.274462
0,3,weak-MLP,natural,1,0.272009
0,3,weak-MLP,natural,2,0.284975
0,3,weak-MLP,natural,3,0.299639
0,4,weak-MLP,100,0,0.062035
0,4,weak-MLP,100,1,0.062573
0,4,weak-MLP,100,2,0.067054
0,4,weak-MLP,100,3,0.072332
0,4,weak-MLP,1.0,0,0.084636
0,4,weak-MLP,1.0,1,0.087195
0,4,weak-MLP,1.0,2,0.0946
0,4,weak-MLP,1.0,3,0.103242
0,4,weak-MLP,0.5,0,0.341228
0,4,weak-MLP,0.5,1,0.337688
0,4,weak-MLP,0.5,2,0.355891
0,4,weak-MLP,0.5,3,0.377061
0,4,weak-MLP,0.1,0,0.447582
0,4,weak-MLP,0.1,1,0.441901
0,4,weak-MLP,0.1,2,0.464172
0,4,weak-MLP,0.1,3,0.489682
0,4,weak-MLP,natural,0,0.285536
0,4,weak-MLP,natural,1,0.283034
0,4,weak-MLP,natural,2,0.296412
0,4,weak-MLP,natural,3,0.311581
1,0,weak-MLP,100,0,0.027589
1,0,weak-MLP,100,1,0.02635
1,0,weak-MLP,100,2,0.025543
1,0,weak-MLP,100,3,0.025071
1,0,weak-MLP,1.0,0,0.272885
1,0,weak-MLP,1.0,1,0.268376
1,0,weak-MLP,1.0,2,0.265542
1,0,weak-MLP,1.0,3,0.263963
1,0,weak-MLP,0.5,0,0.241356
1,0,weak-MLP,0.5,1,0.237302
1,0,weak-MLP,0.5,2,0.234705
1,0,weak-MLP,0.5,3,0.233229
1,0,weak-MLP,0.1,0,0.335114
1,0,weak-MLP,0.1,1,0.329977
1,0,weak-MLP,0.1,2,0.32675
1,0,weak-MLP,0.1,3,0.324976
1,0,weak-MLP,natural,0,0.226651
1,0,weak-MLP,natural,1,0.223905
1,0,weak-MLP,natural,2,0.22213
1,0,weak-MLP,natural,3,0.221073
1,1,weak-MLP,100,0,0.026913
1,1,weak-MLP,100,1,0.026301
1,1,weak-MLP,100,2,0.025888
1,1,weak-MLP,100,3,0.025622
1,1,weak-MLP,1.0,0,0.273732
1,1,weak-MLP,1.0,1,0.269021
1,1,weak-MLP,1.0,2,0.265932
1,1,weak-MLP,1.0,3,0.26411
1,1,weak-MLP,0.5,0,0.245276
1,1,weak-MLP,0.5,1,0.240791
1,1,weak-MLP,0.5,2,0.237811
1,1,weak-MLP,0.5,3,0.236039
1,1,weak-MLP,0.1,0,0.339055
1,1,weak-MLP,0.1,1,0.333422
1,1,weak-MLP,0.1,2,0.329714
1,1,weak-MLP,0.1,3,0.327549
1,1,weak-MLP,natural,0,0.214869
1,1,weak-MLP,natural,1,0.211881
1,1,weak-MLP,natural,2,0.209904
1,1,weak-MLP,natural,3,0.208702
1,2,weak-MLP,100,0,0.030304
1,2,weak-MLP,100,1,0.029762
1,2,weak-MLP,100,2,0.029387
1,2,weak-MLP,100,3,0.029147
1,2,weak-MLP,1.0,0,0.27588
1,2,weak-MLP,1.0,1,0.271964
1,2,weak-MLP,1.0,2,0.269505
1,2,weak-MLP,1.0,3,0.268114
1,2,weak-MLP,0.5,0,0.252684
1,2,weak-MLP,0.5,1,0.249124
1,2,weak-MLP,0.5,2,0.246825
1,2,weak-MLP,0.5,3,0.245477
1,2,weak-MLP,0.1,0,0.337055
1,2,weak-MLP,0.1,1,0.332429
1,2,weak-MLP,0.1,2,0.329539
1,2,weak-MLP,0.1,3,0.32794
1,2,weak-MLP,natural,0,0.215513
1,2,weak-MLP,natural,1,0.213004
1,2,weak-MLP,natural,2,0.211409
1,2,weak-MLP,natural,3,0.21046
1,3,weak-MLP,100,0,0.032456
1,3,weak-MLP,100,1,0.03179
1,3,weak-MLP,100,2,0.031314
1,3,weak-MLP,100,3,0.030985
1,3,weak-MLP,1.0,0,0.267912
1,3,weak-MLP,1.0,1,0.263925
1,3,weak-MLP,1.0,2,0.261362
1,3,weak-MLP,1.0,3,0.259875
1,3,weak-MLP,0.5,0,0.248067
1,3,weak-MLP,0.5,1,0.244408
1,3,weak-MLP,0.5,2,0.241979
1,3,weak-MLP,0.5,3,0.240518
1,3,weak-MLP,0.1,0,0.337515
1,3,weak-MLP,0.1,1,0.332467
1,3,weak-MLP,0.1,2,0.329188
1,3,weak-MLP,0.1,3,0.327282
1,3,weak-MLP,natural,0,0.216623
1,3,weak-MLP,natural,1,0.214077
1,3,weak-MLP,natural,2,0.212426
1,3,weak-MLP,natural,3,0.211433
1,4,weak-MLP,100,0,0.029884
1,4,weak-MLP,100,1,0.028933
1,4,weak-MLP,100,2,0.028263
1,4,weak-MLP,100,3,0.027841
1,4,weak-MLP,1.0,0,0.274484
1,4,weak-MLP,1.0,1,0.269999
1,4,weak-MLP,1.0,2,0.267117
1,4,weak-MLP,1.0,3,0.265458
1,4,weak-MLP,0.5,0,0.2461
1,4,weak-MLP,0.5,1,0.242174
1,4,weak-MLP,0.5,2,0.239583
1,4,weak-MLP,0.5,3,0.238048
1,4,weak-MLP,0.1,0,0.333665
1,4,weak-MLP,0.1,1,0.32841
1,4,weak-MLP,0.1,2,0.324993
1,4,weak-MLP,0.1,3,0.323011
1,4,weak-MLP,natural,0,0.214709
1,4,weak-MLP,natural,1,0.211873
1,4,weak-MLP,natural,2,0.209997
1,4,weak-MLP,natural,3,0.208849
2,0,weak-MLP,100,0,0.020879
2,0,weak-MLP,100,1,0.021095
2,0,weak-MLP,100,2,0.021473
2,0,weak-MLP,100,3,0.022026
2,0,weak-MLP,1.0,0,0.146538
2,0,weak-MLP,1.0,1,0.146481
2,0,weak-MLP,1.0,2,0.146758
2,0,weak-MLP,1.0,3,0.147407
2,0,weak-MLP,0.5,0,0.283844
2,0,weak-MLP,0.5,1,0.283737
2,0,weak-MLP,0.5,2,0.284451
2,0,weak-MLP,0.5,3,0.286081
2,0,weak-MLP,0.1,0,0.322449
2,0,weak-MLP,0.1,1,0.32247
2,0,weak-MLP,0.1,2,0.323388
2,0,weak-MLP,0.1,3,0.325308
2,0,weak-MLP,natural,0,0.18234
2,0,weak-MLP,natural,1,0.181836
2,0,weak-MLP,natural,2,0.181976
2,0,weak-MLP,natural,3,0.182825
2,1,weak-MLP,100,0,0.021169
2,1,weak-MLP,100,1,0.021213
2,1,weak-MLP,100,2,0.021355
2,1,weak-MLP,100,3,0.021621
2,1,weak-MLP,1.0,0,0.146918
2,1,weak-MLP,1.0,1,0.147392
2,1,weak-MLP,1.0,2,0.148251
2,1,weak-MLP,1.0,3,0.149522
2,1,weak-MLP,0.5,0,0.286537
2,1,weak-MLP,0.5,1,0.2869
2,1,weak-MLP,0.5,2,0.288203
2,1,weak-MLP,0.5,3,0.290549
2,1,weak-MLP,0.1,0,0.321653
2,1,weak-MLP,0.1,1,0.322242
2,1,weak-MLP,0.1,2,0.323848
2,1,weak-MLP,0.1,3,0.326587
2,1,weak-MLP,natural,0,0.168532
2,1,weak-MLP,natural,1,0.168185
2,1,weak-MLP,natural,2,0.168514
2,1,weak-MLP,natural,3,0.169562
2,2,weak-MLP,100,0,0.019732
2,2,weak-MLP,100,1,0.019689
2,2,weak-MLP,100,2,0.019657
2,2,weak-MLP,100,3,0.019646
2,2,weak-MLP,1.0,0,0.163892
2,2,weak-MLP,1.0,1,0.1637
2,2,weak-MLP,1.0,2,0.163865
2,2,weak-MLP,1.0,3,0.164358
2,2,weak-MLP,0.5,0,0.288405
2,2,weak-MLP,0.5,1,0.287483
2,2,weak-MLP,0.5,2,0.287345
2,2,weak-MLP,0.5,3,0.287934
2,2,weak-MLP,0.1,0,0.323533
2,2,weak-MLP,0.1,1,0.322476
2,2,weak-MLP,0.1,2,0.322293
2,2,weak-MLP,0.1,3,0.322924
2,2,weak-MLP,natural,0,0.177197
2,2,weak-MLP,natural,1,0.176069
2,2,weak-MLP,natural,2,0.175538
2,2,weak-MLP,natural,3,0.175568
2,3,weak-MLP,100,0,0.015525
2,3,weak-MLP,100,1,0.01544
2,3,weak-MLP,100,2,0.015458
2,3,weak-MLP,100,3,0.015603
2,3,weak-MLP,1.0,0,0.148196
2,3,weak-MLP,1.0,1,0.148071
2,3,weak-MLP,1.0,2,0.148321
2,3,weak-MLP,1.0,3,0.148953
2,3,weak-MLP,0.5,0,0.288878
2,3,weak-MLP,0.5,1,0.288396
2,3,weak-MLP,0.5,2,0.288721
2,3,weak-MLP,0.5,3,0.289874
2,3,weak-MLP,0.1,0,0.322355
2,3,weak-MLP,0.1,1,0.321837
2,3,weak-MLP,0.1,2,0.32222
2,3,weak-MLP,0.1,3,0.323519
2,3,weak-MLP,natural,0,0.18042
2,3,weak-MLP,natural,1,0.179567
2,3,weak-MLP,natural,2,0.179345
2,3,weak-MLP,natural,3,0.17978
2,4,weak-MLP,100,0,0.017555
2,4,weak-MLP,100,1,0.017822
2,4,weak-MLP,100,2,0.018179
2,4,weak-MLP,100,3,0.018644
2,4,weak-MLP,1.0,0,0.144061
2,4,weak-MLP,1.0,1,0.14459
2,4,weak-MLP,1.0,2,0.14547
2,4,weak-MLP,1.0,3,0.146752
2,4,weak-MLP,0.5,0,0.286936
2,4,weak-MLP,0.5,1,0.287662
2,4,weak-MLP,0.5,2,0.289176
2,4,weak-MLP,0.5,3,0.291594
2,4,weak-MLP,0.1,0,0.322092
2,4,weak-MLP,0.1,1,0.322916
2,4,weak-MLP,0.1,2,0.324611
2,4,weak-MLP,0.1,3,0.327316
2,4,weak-MLP,natural,0,0.173947
2,4,weak-MLP,natural,1,0.173899
2,4,weak-MLP,natural,2,0.174472
2,4,weak-MLP,natural,3,0.175748
3,0,weak-MLP,100,0,0.059676
3,0,weak-MLP,100,1,0.058403
3,0,weak-MLP,100,2,0.05783
3,0,weak-MLP,100,3,0.057533
3,0,weak-MLP,1.0,0,0.089132
3,0,weak-MLP,1.0,1,0.086492
3,0,weak-MLP,1.0,2,0.085201
3,0,weak-MLP,1.0,3,0.084459
3,0,weak-MLP,0.5,0,0.283709
3,0,weak-MLP,0.5,1,0.278361
3,0,weak-MLP,0.5,2,0.27561
3,0,weak-MLP,0.5,3,0.273906
3,0,weak-MLP,0.1,0,0.403748
3,0,weak-MLP,0.1,1,0.395451
3,0,weak-MLP,0.1,2,0.391191
3,0,weak-MLP,0.1,3,0.388538
3,0,weak-MLP,natural,0,0.213646
3,0,weak-MLP,natural,1,0.206818
3,0,weak-MLP,natural,2,0.203184
3,0,weak-MLP,natural,3,0.200827
3,1,weak-MLP,100,0,0.044328
3,1,weak-MLP,100,1,0.043692
3,1,weak-MLP,100,2,0.043345
3,1,weak-MLP,100,3,0.043142
3,1,weak-MLP,1.0,0,0.082951
3,1,weak-MLP,1.0,1,0.081305
3,1,weak-MLP,1.0,2,0.080445
3,1,weak-MLP,1.0,3,0.079924
3,1,weak-MLP,0.5,0,0.266554
3,1,weak-MLP,0.5,1,0.263183
3,1,weak-MLP,0.5,2,0.261211
3,1,weak-MLP,0.5,3,0.259868
3,1,weak-MLP,0.1,0,0.402724
3,1,weak-MLP,0.1,1,0.396072
3,1,weak-MLP,0.1,2,0.392196
3,1,weak-MLP,0.1,3,0.389558
3,1,weak-MLP,natural,0,0.226455
3,1,weak-MLP,natural,1,0.219823
3,1,weak-MLP,natural,2,0.215864
3,1,weak-MLP,natural,3,0.213075
3,2,weak-MLP,100,0,0.041427
3,2,weak-MLP,100,1,0.039995
3,2,weak-MLP,100,2,0.039177
3,2,weak-MLP,100,3,0.038635
3,2,weak-MLP,1.0,0,0.085919
3,2,weak-MLP,1.0,1,0.084666
3,2,weak-MLP,1.0,2,0.083977
3,2,weak-MLP,1.0,3,0.083551
3,2,weak-MLP,0.5,0,0.270657
3,2,weak-MLP,0.5,1,0.266781
3,2,weak-MLP,0.5,2,0.264394
3,2,weak-MLP,0.5,3,0.262709
3,2,weak-MLP,0.1,0,0.399057
3,2,weak-MLP,0.1,1,0.39235
3,2,weak-MLP,0.1,2,0.38827
3,2,weak-MLP,0.1,3,0.385405
3,2,weak-MLP,natural,0,0.212527
3,2,weak-MLP,natural,1,0.206637
3,2,weak-MLP,natural,2,0.203079
3,2,weak-MLP,natural,3,0.200576
3,3,weak-MLP,100,0,0.066259
3,3,weak-MLP,100,1,0.064648
3,3,weak-MLP,100,2,0.063574
3,3,weak-MLP,100,3,0.062787
3,3,weak-MLP,1.0,0,0.096996
3,3,weak-MLP,1.0,1,0.095563
3,3,weak-MLP,1.0,2,0.094853
3,3,weak-MLP,1.0,3,0.09446
3,3,weak-MLP,0.5,0,0.282507
3,3,weak-MLP,0.5,1,0.278277
3,3,weak-MLP,0.5,2,0.275791
3,3,weak-MLP,0.5,3,0.27417
3,3,weak-MLP,0.1,0,0.409491
3,3,weak-MLP,0.1,1,0.402306
3,3,weak-MLP,0.1,2,0.398016
3,3,weak-MLP,0.1,3,0.395155
3,3,weak-MLP,natural,0,0.200565
3,3,weak-MLP,natural,1,0.195617
3,3,weak-MLP,natural,2,0.192606
3,3,weak-MLP,natural,3,0.19053
3,4,weak-MLP,100,0,0.059276
3,4,weak-MLP,100,1,0.057987
3,4,weak-MLP,100,2,0.057098
3,4,weak-MLP,100,3,0.05642
3,4,weak-MLP,1.0,0,0.084532
3,4,weak-MLP,1.0,1,0.082417
3,4,weak-MLP,1.0,2,0.081283
3,4,weak-MLP,1.0,3,0.080582
3,4,weak-MLP,0.5,0,0.284216
3,4,weak-MLP,0.5,1,0.280324
3,4,weak-MLP,0.5,2,0.278013
3,4,weak-MLP,0.5,3,0.276439
3,4,weak-MLP,0.1,0,0.403885
3,4,weak-MLP,0.1,1,0.397082
3,4,weak-MLP,0.1,2,0.393099
3,4,weak-MLP,0.1,3,0.390404
3,4,weak-MLP,natural,0,0.209669
3,4,weak-MLP,natural,1,0.203678
3,4,weak-MLP,natural,2,0.200088
3,4,weak-MLP,natural,3,0.197584
4,0,weak-MLP,100,0,0.026202
4,0,weak-MLP,100,1,0.02233
4,0,weak-MLP,100,2,0.019554
4,0,weak-MLP,100,3,0.018465
4,0,weak-MLP,1.0,0,0.258167
4,0,weak-MLP,1.0,1,0.236355
4,0,weak-MLP,1.0,2,0.225285
4,0,weak-MLP,1.0,3,0.222133
4,0,weak-MLP,0.5,0,0.174548
4,0,weak-MLP,0.5,1,0.159569
4,0,weak-MLP,0.5,2,0.153138
4,0,weak-MLP,0.5,3,0.151786
4,0,weak-MLP,0.1,0,0.300036
4,0,weak-MLP,0.1,1,0.273535
4,0,weak-MLP,0.1,2,0.260516
4,0,weak-MLP,0.1,3,0.256887
4,0,weak-MLP,natural,0,0.196259
4,0,weak-MLP,natural,1,0.179673
4,0,weak-MLP,natural,2,0.171986
4,0,weak-MLP,natural,3,0.169958
4,1,weak-MLP,100,0,0.018404
4,1,weak-MLP,100,1,0.013994
4,1,weak-MLP,100,2,0.011286
4,1,weak-MLP,100,3,0.009954
4,1,weak-MLP,1.0,0,0.270169
4,1,weak-MLP,1.0,1,0.248018
4,1,weak-MLP,1.0,2,0.238722
4,1,weak-MLP,1.0,3,0.236896
4,1,weak-MLP,0.5,0,0.188889
4,1,weak-MLP,0.5,1,0.170377
4,1,weak-MLP,0.5,2,0.162954
4,1,weak-MLP,0.5,3,0.161834
4,1,weak-MLP,0.1,0,0.305706
4,1,weak-MLP,0.1,1,0.278651
4,1,weak-MLP,0.1,2,0.267643
4,1,weak-MLP,0.1,3,0.26552
4,1,weak-MLP,natural,0,0.210445
4,1,weak-MLP,natural,1,0.193194
4,1,weak-MLP,natural,2,0.186225
4,1,weak-MLP,natural,3,0.184858
4,2,weak-MLP,100,0,0.017817
4,2,weak-MLP,100,1,0.015212
4,2,weak-MLP,100,2,0.013466
4,2,weak-MLP,100,3,0.012567
4,2,weak-MLP,1.0,0,0.252122
4,2,weak-MLP,1.0,1,0.230782
4,2,weak-MLP,1.0,2,0.221335
4,2,weak-MLP,1.0,3,0.219233
4,2,weak-MLP,0.5,0,0.187612
4,2,weak-MLP,0.5,1,0.170873
4,2,weak-MLP,0.5,2,0.164589
4,2,weak-MLP,0.5,3,0.163834
4,2,weak-MLP,0.1,0,0.301629
4,2,weak-MLP,0.1,1,0.274407
4,2,weak-MLP,0.1,2,0.261693
4,2,weak-MLP,0.1,3,0.258382
4,2,weak-MLP,natural,0,0.211496
4,2,weak-MLP,natural,1,0.192884
4,2,weak-MLP,natural,2,0.184458
4,2,weak-MLP,natural,3,0.182372
4,3,weak-MLP,100,0,0.018757
4,3,weak-MLP,100,1,0.016322
4,3,weak-MLP,100,2,0.015
4,3,weak-MLP,100,3,0.014395
4,3,weak-MLP,1.0,0,0.255068
4,3,weak-MLP,1.0,1,0.233287
4,3,weak-MLP,1.0,2,0.22377
4,3,weak-MLP,1.0,3,0.221852
4,3,weak-MLP,0.5,0,0.198099
4,3,weak-MLP,0.5,1,0.178944
4,3,weak-MLP,0.5,2,0.170917
4,3,weak-MLP,0.5,3,0.169657
4,3,weak-MLP,0.1,0,0.300713
4,3,weak-MLP,0.1,1,0.273678
4,3,weak-MLP,0.1,2,0.262108
4,3,weak-MLP,0.1,3,0.259664
4,3,weak-MLP,natural,0,0.19688
4,3,weak-MLP,natural,1,0.18032
4,3,weak-MLP,natural,2,0.172922
4,3,weak-MLP,natural,3,0.171153
4,4,weak-MLP,100,0,0.023384
4,4,weak-MLP,100,1,0.020417
4,4,weak-MLP,100,2,0.017777
4,4,weak-MLP,100,3,0.01634
4,4,weak-MLP,1.0,0,0.24656
4,4,weak-MLP,1.0,1,0.224846
4,4,weak-MLP,1.0,2,0.215008
4,4,weak-MLP,1.0,3,0.212853
4,4,weak-MLP,0.5,0,0.180365
4,4,weak-MLP,0.5,1,0.164122
4,4,weak-MLP,0.5,2,0.157719
4,4,weak-MLP,0.5,3,0.156678
4,4,weak-MLP,0.1,0,0.303779
4,4,weak-MLP,0.1,1,0.276264
4,4,weak-MLP,0.1,2,0.264387
4,4,weak-MLP,0.1,3,0.26184
4,4,weak-MLP,natural,0,0.204594
4,4,weak-MLP,natural,1,0.186965
4,4,weak-MLP,natural,2,0.179089
4,4,weak-MLP,natural,3,0.177246
5,0,weak-MLP,100,0,0.022722
5,0,weak-MLP,100,1,0.023686
5,0,weak-MLP,100,2,0.024678
5,0,weak-MLP,100,3,0.025804
5,0,weak-MLP,1.0,0,0.223658
5,0,weak-MLP,1.0,1,0.229665
5,0,weak-MLP,1.0,2,0.236319
5,0,weak-MLP,1.0,3,0.244202
5,0,weak-MLP,0.5,0,0.377134
5,0,weak-MLP,0.5,1,0.386485
5,0,weak-MLP,0.5,2,0.396845
5,0,weak-MLP,0.5,3,0.409093
5,0,weak-MLP,0.1,0,0.361742
5,0,weak-MLP,0.1,1,0.371087
5,0,weak-MLP,0.1,2,0.381313
5,0,weak-MLP,0.1,3,0.393247
5,0,weak-MLP,natural,0,0.189509
5,0,weak-MLP,natural,1,0.191245
5,0,weak-MLP,natural,2,0.193419
5,0,weak-MLP,natural,3,0.196302
5,1,weak-MLP,100,0,0.016979
5,1,weak-MLP,100,1,0.018007
5,1,weak-MLP,100,2,0.019075
5,1,weak-MLP,100,3,0.020148
5,1,weak-MLP,1.0,0,0.229767
5,1,weak-MLP,1.0,1,0.23447
5,1,weak-MLP,1.0,2,0.239766
5,1,weak-MLP,1.0,3,0.246007
5,1,weak-MLP,0.5,0,0.385348
5,1,weak-MLP,0.5,1,0.392988
5,1,weak-MLP,0.5,2,0.401479
5,1,weak-MLP,0.5,3,0.411289
5,1,weak-MLP,0.1,0,0.376604
5,1,weak-MLP,0.1,1,0.383246
5,1,weak-MLP,0.1,2,0.390678
5,1,weak-MLP,0.1,3,0.399382
5,1,weak-MLP,natural,0,0.204293
5,1,weak-MLP,natural,1,0.205758
5,1,weak-MLP,natural,2,0.207598
5,1,weak-MLP,natural,3,0.209986
5,2,weak-MLP,100,0,0.020435
5,2,weak-MLP,100,1,0.021857
5,2,weak-MLP,100,2,0.02345
5,2,weak-MLP,100,3,0.025182
5,2,weak-MLP,1.0,0,0.237986
5,2,weak-MLP,1.0,1,0.243311
5,2,weak-MLP,1.0,2,0.249717
5,2,weak-MLP,1.0,3,0.257817
5,2,weak-MLP,0.5,0,0.384216
5,2,weak-MLP,0.5,1,0.392858
5,2,weak-MLP,0.5,2,0.403074
5,2,weak-MLP,0.5,3,0.415735
5,2,weak-MLP,0.1,0,0.365536
5,2,weak-MLP,0.1,1,0.37337
5,2,weak-MLP,0.1,2,0.382559
5,2,weak-MLP,0.1,3,0.393919
5,2,weak-MLP,natural,0,0.194921
5,2,weak-MLP,natural,1,0.196801
5,2,weak-MLP,natural,2,0.199351
5,2,weak-MLP,natural,3,0.202857
5,3,weak-MLP,100,0,0.016957
5,3,weak-MLP,100,1,0.018099
5,3,weak-MLP,100,2,0.01926
5,3,weak-MLP,100,3,0.020459
5,3,weak-MLP,1.0,0,0.230434
5,3,weak-MLP,1.0,1,0.235735
5,3,weak-MLP,1.0,2,0.241645
5,3,weak-MLP,1.0,3,0.248578
5,3,weak-MLP,0.5,0,0.377606
5,3,weak-MLP,0.5,1,0.386022
5,3,weak-MLP,0.5,2,0.395414
5,3,weak-MLP,0.5,3,0.406398
5,3,weak-MLP,0.1,0,0.35946
5,3,weak-MLP,0.1,1,0.367638
5,3,weak-MLP,0.1,2,0.376627
5,3,weak-MLP,0.1,3,0.38701
5,3,weak-MLP,natural,0,0.185222
5,3,weak-MLP,natural,1,0.186721
5,3,weak-MLP,natural,2,0.18863
5,3,weak-MLP,natural,3,0.191124
5,4,weak-MLP,100,0,0.014528
5,4,weak-MLP,100,1,0.01569
5,4,weak-MLP,100,2,0.016897
5,4,weak-MLP,100,3,0.018232
5,4,weak-MLP,1.0,0,0.236364
5,4,weak-MLP,1.0,1,0.241929
5,4,weak-MLP,1.0,2,0.248596
5,4,weak-MLP,1.0,3,0.256924
5,4,weak-MLP,0.5,0,0.380258
5,4,weak-MLP,0.5,1,0.388045
5,4,weak-MLP,0.5,2,0.397409
5,4,weak-MLP,0.5,3,0.409208
5,4,weak-MLP,0.1,0,0.369347
5,4,weak-MLP,0.1,1,0.377454
5,4,weak-MLP,0.1,2,0.387085
5,4,weak-MLP,0.1,3,0.399062
5,4,weak-MLP,natural,0,0.187617
5,4,weak-MLP,natural,1,0.189416
5,4,weak-MLP,natural,2,0.19188
5,4,weak-MLP,natural,3,0.195285
6,0,weak-MLP,100,0,0.033208
6,0,weak-MLP,100,1,0.033875
6,0,weak-MLP,100,2,0.034458
6,0,weak-MLP,100,3,0.034968
6,0,weak-MLP,1.0,0,0.254226
6,0,weak-MLP,1.0,1,0.258149
6,0,weak-MLP,1.0,2,0.261395
6,0,weak-MLP,1.0,3,0.264058
6,0,weak-MLP,0.5,0,0.243023
6,0,weak-MLP,0.5,1,0.246199
6,0,weak-MLP,0.5,2,0.248739
6,0,weak-MLP,0.5,3,0.250753
6,0,weak-MLP,0.1,0,0.343661
6,0,weak-MLP,0.1,1,0.348306
6,0,weak-MLP,0.1,2,0.352101
6,0,weak-MLP,0.1,3,0.355168
6,0,weak-MLP,natural,0,0.201094
6,0,weak-MLP,natural,1,0.204332
6,0,weak-MLP,natural,2,0.20702
6,0,weak-MLP,natural,3,0.20922
6,1,weak-MLP,100,0,0.051543
6,1,weak-MLP,100,1,0.052176
6,1,weak-MLP,100,2,0.052683
6,1,weak-MLP,100,3,0.053097
6,1,weak-MLP,1.0,0,0.26118
6,1,weak-MLP,1.0,1,0.264867
6,1,weak-MLP,1.0,2,0.2679
6,1,weak-MLP,1.0,3,0.270377
6,1,weak-MLP,0.5,0,0.249351
6,1,weak-MLP,0.5,1,0.252456
6,1,weak-MLP,0.5,2,0.254974
6,1,weak-MLP,0.5,3,0.257002
6,1,weak-MLP,0.1,0,0.339736
6,1,weak-MLP,0.1,1,0.344045
6,1,weak-MLP,0.1,2,0.347543
6,1,weak-MLP,0.1,3,0.350361
6,1,weak-MLP,natural,0,0.206778
6,1,weak-MLP,natural,1,0.209735
6,1,weak-MLP,natural,2,0.21217
6,1,weak-MLP,natural,3,0.214146
6,2,weak-MLP,100,0,0.051389
6,2,weak-MLP,100,1,0.052023
6,2,weak-MLP,100,2,0.052574
6,2,weak-MLP,100,3,0.053053
6,2,weak-MLP,1.0,0,0.266424
6,2,weak-MLP,1.0,1,0.269669
6,2,weak-MLP,1.0,2,0.272366
6,2,weak-MLP,1.0,3,0.274592
6,2,weak-MLP,0.5,0,0.246395
6,2,weak-MLP,0.5,1,0.249234
6,2,weak-MLP,0.5,2,0.251538
6,2,weak-MLP,0.5,3,0.253396
6,2,weak-MLP,0.1,0,0.338899
6,2,weak-MLP,0.1,1,0.342416
6,2,weak-MLP,0.1,2,0.345249
6,2,weak-MLP,0.1,3,0.347501
6,2,weak-MLP,natural,0,0.188181
6,2,weak-MLP,natural,1,0.190639
6,2,weak-MLP,natural,2,0.192646
6,2,weak-MLP,natural,3,0.194262
6,3,weak-MLP,100,0,0.047072
6,3,weak-MLP,100,1,0.0477
6,3,weak-MLP,100,2,0.048214
6,3,weak-MLP,100,3,0.048639
6,3,weak-MLP,1.0,0,0.263583
6,3,weak-MLP,1.0,1,0.266908
6,3,weak-MLP,1.0,2,0.269632
6,3,weak-MLP,1.0,3,0.271842
6,3,weak-MLP,0.5,0,0.247259
6,3,weak-MLP,0.5,1,0.25021
6,3,weak-MLP,0.5,2,0.252609
6,3,weak-MLP,0.5,3,0.254542
6,3,weak-MLP,0.1,0,0.335454
6,3,weak-MLP,0.1,1,0.339527
6,3,weak-MLP,0.1,2,0.342856
6,3,weak-MLP,0.1,3,0.345552
6,3,weak-MLP,natural,0,0.194538
6,3,weak-MLP,natural,1,0.197213
6,3,weak-MLP,natural,2,0.199398
6,3,weak-MLP,natural,3,0.20116
6,4,weak-MLP,100,0,0.044366
6,4,weak-MLP,100,1,0.044756
6,4,weak-MLP,100,2,0.045089
6,4,weak-MLP,100,3,0.045379
6,4,weak-MLP,1.0,0,0.255161
6,4,weak-MLP,1.0,1,0.258358
6,4,weak-MLP,1.0,2,0.260991
6,4,weak-MLP,1.0,3,0.263134
6,4,weak-MLP,0.5,0,0.25713
6,4,weak-MLP,0.5,1,0.260296
6,4,weak-MLP,0.5,2,0.26289
6,4,weak-MLP,0.5,3,0.264996
6,4,weak-MLP,0.1,0,0.344831
6,4,weak-MLP,0.1,1,0.349056
6,4,weak-MLP,0.1,2,0.352502
6,4,weak-MLP,0.1,3,0.355286
6,4,weak-MLP,natural,0,0.197362
6,4,weak-MLP,natural,1,0.1997
6,4,weak-MLP,natural,2,0.201612
6,4,weak-MLP,natural,3,0.203149
7,0,weak-MLP,100,0,0.030284
7,0,weak-MLP,100,1,0.030086
7,0,weak-MLP,100,2,0.030224
7,0,weak-MLP,100,3,0.030586
7,0,weak-MLP,1.0,0,0.147751
7,0,weak-MLP,1.0,1,0.147264
7,0,weak-MLP,1.0,2,0.148009
7,0,weak-MLP,1.0,3,0.149482
7,0,weak-MLP,0.5,0,0.202492
7,0,weak-MLP,0.5,1,0.201884
7,0,weak-MLP,0.5,2,0.202889
7,0,weak-MLP,0.5,3,0.204854
7,0,weak-MLP,0.1,0,0.313228
7,0,weak-MLP,0.1,1,0.312358
7,0,weak-MLP,0.1,2,0.314245
7,0,weak-MLP,0.1,3,0.317725
7,0,weak-MLP,natural,0,0.183338
7,0,weak-MLP,natural,1,0.183077
7,0,weak-MLP,natural,2,0.184888
7,0,weak-MLP,natural,3,0.187941
7,1,weak-MLP,100,0,0.018495
7,1,weak-MLP,100,1,0.018558
7,1,weak-MLP,100,2,0.018869
7,1,weak-MLP,100,3,0.019359
7,1,weak-MLP,1.0,0,0.156738
7,1,weak-MLP,1.0,1,0.15619
7,1,weak-MLP,1.0,2,0.157234
7,1,weak-MLP,1.0,3,0.159267
7,1,weak-MLP,0.5,0,0.205185
7,1,weak-MLP,0.5,1,0.204558
7,1,weak-MLP,0.5,2,0.20565
7,1,weak-MLP,0.5,3,0.207786
7,1,weak-MLP,0.1,0,0.317205
7,1,weak-MLP,0.1,1,0.316157
7,1,weak-MLP,0.1,2,0.317945
7,1,weak-MLP,0.1,3,0.321391
7,1,weak-MLP,natural,0,0.177951
7,1,weak-MLP,natural,1,0.177741
7,1,weak-MLP,natural,2,0.179608
7,1,weak-MLP,natural,3,0.182744
7,2,weak-MLP,100,0,0.030122
7,2,weak-MLP,100,1,0.030023
7,2,weak-MLP,100,2,0.030508
7,2,weak-MLP,100,3,0.031383
7,2,weak-MLP,1.0,0,0.150676
7,2,weak-MLP,1.0,1,0.15016
7,2,weak-MLP,1.0,2,0.150804
7,2,weak-MLP,1.0,3,0.152138
7,2,weak-MLP,0.5,0,0.195631
7,2,weak-MLP,0.5,1,0.195011
7,2,weak-MLP,0.5,2,0.195977
7,2,weak-MLP,0.5,3,0.197884
7,2,weak-MLP,0.1,0,0.317798
7,2,weak-MLP,0.1,1,0.316855
7,2,weak-MLP,0.1,2,0.318604
7,2,weak-MLP,0.1,3,0.321956
7,2,weak-MLP,natural,0,0.181582
7,2,weak-MLP,natural,1,0.181286
7,2,weak-MLP,natural,2,0.182923
7,2,weak-MLP,natural,3,0.18574
7,3,weak-MLP,100,0,0.041288
7,3,weak-MLP,100,1,0.041137
7,3,weak-MLP,100,2,0.041318
7,3,weak-MLP,100,3,0.041721
7,3,weak-MLP,1.0,0,0.161315
7,3,weak-MLP,1.0,1,0.160811
7,3,weak-MLP,1.0,2,0.161647
7,3,weak-MLP,1.0,3,0.163291
7,3,weak-MLP,0.5,0,0.197075
7,3,weak-MLP,0.5,1,0.196563
7,3,weak-MLP,0.5,2,0.197751
7,3,weak-MLP,0.5,3,0.199948
7,3,weak-MLP,0.1,0,0.309352
7,3,weak-MLP,0.1,1,0.308566
7,3,weak-MLP,0.1,2,0.310763
7,3,weak-MLP,0.1,3,0.314517
7,3,weak-MLP,natural,0,0.186764
7,3,weak-MLP,natural,1,0.186606
7,3,weak-MLP,natural,2,0.188643
7,3,weak-MLP,natural,3,0.192029
7,4,weak-MLP,100,0,0.032325
7,4,weak-MLP,100,1,0.032125
7,4,weak-MLP,100,2,0.032307
7,4,weak-MLP,100,3,0.032754
7,4,weak-MLP,1.0,0,0.154716
7,4,weak-MLP,1.0,1,0.154172
7,4,weak-MLP,1.0,2,0.155013
7,4,weak-MLP,1.0,3,0.156698
7,4,weak-MLP,0.5,0,0.210708
7,4,weak-MLP,0.5,1,0.210219
7,4,weak-MLP,0.5,2,0.211393
7,4,weak-MLP,0.5,3,0.21357
7,4,weak-MLP,0.1,0,0.318591
7,4,weak-MLP,0.1,1,0.317537
7,4,weak-MLP,0.1,2,0.319035
7,4,weak-MLP,0.1,3,0.322061
7,4,weak-MLP,natural,0,0.186547
7,4,weak-MLP,natural,1,0.186301
7,4,weak-MLP,natural,2,0.188168
7,4,weak-MLP,natural,3,0.191322
8,0,weak-MLP,100,0,0.030512
8,0,weak-MLP,100,1,0.030511
8,0,weak-MLP,100,2,0.030511
8,0,weak-MLP,100,3,0.030511
8,0,weak-MLP,1.0,0,0.23095
8,0,weak-MLP,1.0,1,0.23095
8,0,weak-MLP,1.0,2,0.230951
8,0,weak-MLP,1.0,3,0.230951
8,0,weak-MLP,0.5,0,0.207822
8,0,weak-MLP,0.5,1,0.207825
8,0,weak-MLP,0.5,2,0.207828
8,0,weak-MLP,0.5,3,0.207829
8,0,weak-MLP,0.1,0,0.35507
8,0,weak-MLP,0.1,1,0.355072
8,0,weak-MLP,0.1,2,0.355073
8,0,weak-MLP,0.1,3,0.355074
8,0,weak-MLP,natural,0,0.240132
8,0,weak-MLP,natural,1,0.240135
8,0,weak-MLP,natural,2,0.240138
8,0,weak-MLP,natural,3,0.240139
8,1,weak-MLP,100,0,0.023944
8,1,weak-MLP,100,1,0.023945
8,1,weak-MLP,100,2,0.023945
8,1,weak-MLP,100,3,0.023945
8,1,weak-MLP,1.0,0,0.206886
8,1,weak-MLP,1.0,1,0.206887
8,1,weak-MLP,1.0,2,0.206887
8,1,weak-MLP,1.0,3,0.206887
8,1,weak-MLP,0.5,0,0.205832
8,1,weak-MLP,0.5,1,0.205835
8,1,weak-MLP,0.5,2,0.205838
8,1,weak-MLP,0.5,3,0.205839
8,1,weak-MLP,0.1,0,0.355062
8,1,weak-MLP,0.1,1,0.355065
8,1,weak-MLP,0.1,2,0.355066
8,1,weak-MLP,0.1,3,0.355067
8,1,weak-MLP,natural,0,0.233176
8,1,weak-MLP,natural,1,0.233179
8,1,weak-MLP,natural,2,0.233182
8,1,weak-MLP,natural,3,0.233183
8,2,weak-MLP,100,0,0.039033
8,2,weak-MLP,100,1,0.039034
8,2,weak-MLP,100,2,0.039034
8,2,weak-MLP,100,3,0.039035
8,2,weak-MLP,1.0,0,0.211651
8,2,weak-MLP,1.0,1,0.211652
8,2,weak-MLP,1.0,2,0.211652
8,2,weak-MLP,1.0,3,0.211652
8,2,weak-MLP,0.5,0,0.248262
8,2,weak-MLP,0.5,1,0.248266
8,2,weak-MLP,0.5,2,0.248268
8,2,weak-MLP,0.5,3,0.248269
8,2,weak-MLP,0.1,0,0.355244
8,2,weak-MLP,0.1,1,0.355247
8,2,weak-MLP,0.1,2,0.355248
8,2,weak-MLP,0.1,3,0.355249
8,2,weak-MLP,natural,0,0.240405
8,2,weak-MLP,natural,1,0.240409
8,2,weak-MLP,natural,2,0.240411
8,2,weak-MLP,natural,3,0.240413
8,3,weak-MLP,100,0,0.051999
8,3,weak-MLP,100,1,0.052
8,3,weak-MLP,100,2,0.052
8,3,weak-MLP,100,3,0.052
8,3,weak-MLP,1.0,0,0.207937
8,3,weak-MLP,1.0,1,0.207938
8,3,weak-MLP,1.0,2,0.207938
8,3,weak-MLP,1.0,3,0.207938
8,3,weak-MLP,0.5,0,0.243098
8,3,weak-MLP,0.5,1,0.2431
8,3,weak-MLP,0.5,2,0.243102
8,3,weak-MLP,0.5,3,0.243103
8,3,weak-MLP,0.1,0,0.353216
8,3,weak-MLP,0.1,1,0.353218
8,3,weak-MLP,0.1,2,0.353219
8,3,weak-MLP,0.1,3,0.353219
8,3,weak-MLP,natural,0,0.235376
8,3,weak-MLP,natural,1,0.235379
8,3,weak-MLP,natural,2,0.235382
8,3,weak-MLP,natural,3,0.235383
8,4,weak-MLP,100,0,0.050256
8,4,weak-MLP,100,1,0.050256
8,4,weak-MLP,100,2,0.050256
8,4,weak-MLP,100,3,0.050256
8,4,weak-MLP,1.0,0,0.225097
8,4,weak-MLP,1.0,1,0.225099
8,4,weak-MLP,1.0,2,0.2251
8,4,weak-MLP,1.0,3,0.2251
8,4,weak-MLP,0.5,0,0.201252
8,4,weak-MLP,0.5,1,0.201255
8,4,weak-MLP,0.5,2,0.201257
8,4,weak-MLP,0.5,3,0.201258
8,4,weak-MLP,0.1,0,0.355364
8,4,weak-MLP,0.1,1,0.355367
8,4,weak-MLP,0.1,2,0.355369
8,4,weak-MLP,0.1,3,0.35537
8,4,weak-MLP,natural,0,0.231913
8,4,weak-MLP,natural,1,0.231917
8,4,weak-MLP,natural,2,0.231919
8,4,weak-MLP,natural,3,0.23192
9,0,weak-MLP,100,0,0.022953
9,0,weak-MLP,100,1,0.020765
9,0,weak-MLP,100,2,0.020266
9,0,weak-MLP,100,3,0.021133
9,0,weak-MLP,1.0,0,0.309171
9,0,weak-MLP,1.0,1,0.298027
9,0,weak-MLP,1.0,2,0.294217
9,0,weak-MLP,1.0,3,0.295363
9,0,weak-MLP,0.5,0,0.297976
9,0,weak-MLP,0.5,1,0.287675
9,0,weak-MLP,0.5,2,0.283908
9,0,weak-MLP,0.5,3,0.284491
9,0,weak-MLP,0.1,0,0.321985
9,0,weak-MLP,0.1,1,0.307612
9,0,weak-MLP,0.1,2,0.302729
9,0,weak-MLP,0.1,3,0.304518
9,0,weak-MLP,natural,0,0.201036
9,0,weak-MLP,natural,1,0.194137
9,0,weak-MLP,natural,2,0.19098
9,0,weak-MLP,natural,3,0.190268
9,1,weak-MLP,100,0,0.015676
9,1,weak-MLP,100,1,0.012789
9,1,weak-MLP,100,2,0.012012
9,1,weak-MLP,100,3,0.013677
9,1,weak-MLP,1.0,0,0.307486
9,1,weak-MLP,1.0,1,0.296296
9,1,weak-MLP,1.0,2,0.292583
9,1,weak-MLP,1.0,3,0.293851
9,1,weak-MLP,0.5,0,0.297312
9,1,weak-MLP,0.5,1,0.286887
9,1,weak-MLP,0.5,2,0.283147
9,1,weak-MLP,0.5,3,0.283836
9,1,weak-MLP,0.1,0,0.324141
9,1,weak-MLP,0.1,1,0.31075
9,1,weak-MLP,0.1,2,0.306415
9,1,weak-MLP,0.1,3,0.308239
9,1,weak-MLP,natural,0,0.193251
9,1,weak-MLP,natural,1,0.186299
9,1,weak-MLP,natural,2,0.18339
9,1,weak-MLP,natural,3,0.183109
9,2,weak-MLP,100,0,0.032623
9,2,weak-MLP,100,1,0.029209
9,2,weak-MLP,100,2,0.028441
9,2,weak-MLP,100,3,0.029892
9,2,weak-MLP,1.0,0,0.307762
9,2,weak-MLP,1.0,1,0.296191
9,2,weak-MLP,1.0,2,0.292493
9,2,weak-MLP,1.0,3,0.294071
9,2,weak-MLP,0.5,0,0.289113
9,2,weak-MLP,0.5,1,0.277954
9,2,weak-MLP,0.5,2,0.27436
9,2,weak-MLP,0.5,3,0.27581
9,2,weak-MLP,0.1,0,0.322591
9,2,weak-MLP,0.1,1,0.309666
9,2,weak-MLP,0.1,2,0.305369
9,2,weak-MLP,0.1,3,0.306882
9,2,weak-MLP,natural,0,0.202698
9,2,weak-MLP,natural,1,0.195616
9,2,weak-MLP,natural,2,0.192637
9,2,weak-MLP,natural,3,0.192289
9,3,weak-MLP,100,0,0.044777
9,3,weak-MLP,100,1,0.042135
9,3,weak-MLP,100,2,0.041653
9,3,weak-MLP,100,3,0.042804
9,3,weak-MLP,1.0,0,0.316784
9,3,weak-MLP,1.0,1,0.306041
9,3,weak-MLP,1.0,2,0.302714
9,3,weak-MLP,1.0,3,0.304016
9,3,weak-MLP,0.5,0,0.301052
9,3,weak-MLP,0.5,1,0.291049
9,3,weak-MLP,0.5,2,0.287329
9,3,weak-MLP,0.5,3,0.28747
9,3,weak-MLP,0.1,0,0.333971
9,3,weak-MLP,0.1,1,0.320538
9,3,weak-MLP,0.1,2,0.316472
9,3,weak-MLP,0.1,3,0.318377
9,3,weak-MLP,natural,0,0.202575
9,3,weak-MLP,natural,1,0.195854
9,3,weak-MLP,natural,2,0.193022
9,3,weak-MLP,natural,3,0.192536
9,4,weak-MLP,100,0,0.0318
9,4,weak-MLP,100,1,0.02943
9,4,weak-MLP,100,2,0.029102
9,4,weak-MLP,100,3,0.030227
9,4,weak-MLP,1.0,0,0.31174
9,4,weak-MLP,1.0,1,0.301
9,4,weak-MLP,1.0,2,0.297534
9,4,weak-MLP,1.0,3,0.298622
9,4,weak-MLP,0.5,0,0.305761
9,4,weak-MLP,0.5,1,0.295903
9,4,weak-MLP,0.5,2,0.292552
9,4,weak-MLP,0.5,3,0.293251
9,4,weak-MLP,0.1,0,0.335611
9,4,weak-MLP,0.1,1,0.322028
9,4,weak-MLP,0.1,2,0.317381
9,4,weak-MLP,0.1,3,0.318456
9,4,weak-MLP,natural,0,0.188599
9,4,weak-MLP,natural,1,0.18204
9,4,weak-MLP,natural,2,0.179294
9,4,weak-MLP,natural,3,0.178914
