seed,fold,model,arm,condition,client,n,accuracy,f1,auroc
0,0,weak-MLP,arm2,100,global,184,0.7554,0.8035,0.8314
0,0,weak-MLP,arm2,100,0,35,0.6857,0.7442,0.7829
0,0,weak-MLP,arm2,100,1,47,0.7234,0.7719,0.7989
0,0,weak-MLP,arm2,100,2,50,0.82,0.8525,0.875
0,0,weak-MLP,arm2,100,3,52,0.7692,0.8235,0.85
0,0,weak-MLP,arm2,1.0,global,184,0.7554,0.8035,0.8314
0,0,weak-MLP,arm2,1.0,0,32,0.7188,0.7692,0.8828
0,0,weak-MLP,arm2,1.0,1,72,0.7639,0.8283,0.8
0,0,weak-MLP,arm2,1.0,2,48,0.7708,0.807,0.8395
0,0,weak-MLP,arm2,1.0,3,32,0.75,0.7647,0.8745
0,0,weak-MLP,arm2,0.5,global,184,0.7554,0.8035,0.8314
0,0,weak-MLP,arm2,0.5,0,62,0.5968,0.5455,0.7576
0,0,weak-MLP,arm2,0.5,1,69,0.9275,0.9606,0.9444
0,0,weak-MLP,arm2,0.5,2,33,0.6667,0.6452,0.8306
0,0,weak-MLP,arm2,0.5,3,20,0.8,0.75,0.869
0,0,weak-MLP,arm2,0.1,global,184,0.7554,0.8035,0.8314
0,0,weak-MLP,arm2,0.1,0,61,0.5738,0.0,nan
0,0,weak-MLP,arm2,0.1,1,100,0.91,0.9529,nan
0,0,weak-MLP,arm2,0.1,2,14,0.4286,0.0,nan
0,0,weak-MLP,arm2,0.1,3,9,0.7778,0.5,0.75
0,0,weak-MLP,arm2,natural,global,184,0.7554,0.8035,0.8314
0,0,weak-MLP,arm2,natural,0,66,0.7121,0.7467,0.8498
0,0,weak-MLP,arm2,natural,1,60,0.7833,0.7719,0.9201
0,0,weak-MLP,arm2,natural,2,22,0.8636,0.9231,0.625
0,0,weak-MLP,arm2,natural,3,36,0.7222,0.8276,0.642
0,1,weak-MLP,arm2,100,global,184,0.75,0.8115,0.873
0,1,weak-MLP,arm2,100,0,37,0.5946,0.6667,0.8244
0,1,weak-MLP,arm2,100,1,41,0.8537,0.8889,0.8995
0,1,weak-MLP,arm2,100,2,49,0.8367,0.8824,0.886
0,1,weak-MLP,arm2,100,3,57,0.7018,0.7792,0.8901
0,1,weak-MLP,arm2,1.0,global,184,0.75,0.8115,0.873
0,1,weak-MLP,arm2,1.0,0,38,0.6579,0.7347,0.925
0,1,weak-MLP,arm2,1.0,1,62,0.8387,0.881,0.8406
0,1,weak-MLP,arm2,1.0,2,48,0.75,0.8065,0.9353
0,1,weak-MLP,arm2,1.0,3,36,0.6944,0.7755,0.8483
0,1,weak-MLP,arm2,0.5,global,184,0.75,0.8115,0.873
0,1,weak-MLP,arm2,0.5,0,57,0.5965,0.5106,0.8059
0,1,weak-MLP,arm2,0.5,1,75,0.9467,0.9714,0.8743
0,1,weak-MLP,arm2,0.5,2,33,0.7273,0.7692,0.9704
0,1,weak-MLP,arm2,0.5,3,19,0.4737,0.4444,0.9333
0,1,weak-MLP,arm2,0.1,global,184,0.75,0.8115,0.873
0,1,weak-MLP,arm2,0.1,0,59,0.5085,0.0,nan
0,1,weak-MLP,arm2,0.1,1,102,0.9706,0.9851,nan
0,1,weak-MLP,arm2,0.1,2,16,0.375,0.0,nan
0,1,weak-MLP,arm2,0.1,3,7,0.4286,0.0,nan
0,1,weak-MLP,arm2,natural,global,184,0.75,0.8115,0.873
0,1,weak-MLP,arm2,natural,0,64,0.7188,0.75,0.9038
0,1,weak-MLP,arm2,natural,1,51,0.6275,0.5957,0.8407
0,1,weak-MLP,arm2,natural,2,28,0.9643,0.9818,0.8889
0,1,weak-MLP,arm2,natural,3,41,0.8049,0.8857,0.8056
0,2,weak-MLP,arm2,100,global,184,0.7337,0.7897,0.8211
0,2,weak-MLP,arm2,100,0,37,0.7297,0.7727,0.8246
0,2,weak-MLP,arm2,100,1,53,0.7925,0.8358,0.8408
0,2,weak-MLP,arm2,100,2,46,0.7174,0.7797,0.76
0,2,weak-MLP,arm2,100,3,48,0.6875,0.7619,0.8466
0,2,weak-MLP,arm2,1.0,global,184,0.7337,0.7897,0.8211
0,2,weak-MLP,arm2,1.0,0,42,0.7619,0.8276,0.8494
0,2,weak-MLP,arm2,1.0,1,72,0.7639,0.8172,0.8051
0,2,weak-MLP,arm2,1.0,2,46,0.6739,0.7273,0.7481
0,2,weak-MLP,arm2,1.0,3,24,0.7083,0.7407,0.9714
0,2,weak-MLP,arm2,0.5,global,184,0.7337,0.7897,0.8211
0,2,weak-MLP,arm2,0.5,0,60,0.6333,0.5217,0.761
0,2,weak-MLP,arm2,0.5,1,74,0.8784,0.9343,0.9028
0,2,weak-MLP,arm2,0.5,2,34,0.6765,0.6857,0.8718
0,2,weak-MLP,arm2,0.5,3,16,0.5625,0.5333,0.9583
0,2,weak-MLP,arm2,0.1,global,184,0.7337,0.7897,0.8211
0,2,weak-MLP,arm2,0.1,0,64,0.5312,0.0,nan
0,2,weak-MLP,arm2,0.1,1,102,0.902,0.9485,nan
0,2,weak-MLP,arm2,0.1,2,10,0.5,0.0,nan
0,2,weak-MLP,arm2,0.1,3,8,0.5,0.0,nan
0,2,weak-MLP,arm2,natural,global,184,0.7337,0.7897,0.8211
0,2,weak-MLP,arm2,natural,0,54,0.7593,0.7937,0.8365
0,2,weak-MLP,arm2,natural,1,67,0.6866,0.6769,0.8161
0,2,weak-MLP,arm2,natural,2,21,0.9524,0.9756,nan
0,2,weak-MLP,arm2,natural,3,42,0.6667,0.7812,0.6198
0,3,weak-MLP,arm2,100,global,184,0.7391,0.7876,0.822
0,3,weak-MLP,arm2,100,0,41,0.8537,0.8636,0.878
0,3,weak-MLP,arm2,100,1,49,0.6939,0.7273,0.79
0,3,weak-MLP,arm2,100,2,44,0.8409,0.9014,0.8044
0,3,weak-MLP,arm2,100,3,50,0.6,0.6429,0.818
0,3,weak-MLP,arm2,1.0,global,184,0.7391,0.7876,0.822
0,3,weak-MLP,arm2,1.0,0,42,0.881,0.898,0.9051
0,3,weak-MLP,arm2,1.0,1,76,0.7895,0.8431,0.8324
0,3,weak-MLP,arm2,1.0,2,38,0.5789,0.6522,0.7147
0,3,weak-MLP,arm2,1.0,3,28,0.6071,0.6207,0.7969
0,3,weak-MLP,arm2,0.5,global,184,0.7391,0.7876,0.822
0,3,weak-MLP,arm2,0.5,0,65,0.7077,0.5778,0.8213
0,3,weak-MLP,arm2,0.5,1,76,0.8947,0.9437,0.9467
0,3,weak-MLP,arm2,0.5,2,28,0.5,0.5,0.7222
0,3,weak-MLP,arm2,0.5,3,15,0.5333,0.3636,0.9615
0,3,weak-MLP,arm2,0.1,global,184,0.7391,0.7876,0.822
0,3,weak-MLP,arm2,0.1,0,57,0.614,0.0,nan
0,3,weak-MLP,arm2,0.1,1,103,0.8641,0.9271,0.8627
0,3,weak-MLP,arm2,0.1,2,16,0.5,0.0,nan
0,3,weak-MLP,arm2,0.1,3,8,0.5,0.0,nan
0,3,weak-MLP,arm2,natural,global,184,0.7391,0.7876,0.822
0,3,weak-MLP,arm2,natural,0,56,0.625,0.6667,0.7407
0,3,weak-MLP,arm2,natural,1,66,0.7576,0.7037,0.8762
0,3,weak-MLP,arm2,natural,2,24,0.875,0.9333,0.8636
0,3,weak-MLP,arm2,natural,3,38,0.7895,0.875,0.6771
0,4,weak-MLP,arm2,100,global,184,0.7391,0.7913,0.8137
0,4,weak-MLP,arm2,100,0,36,0.7778,0.8261,0.9016
0,4,weak-MLP,arm2,100,1,44,0.7727,0.8276,0.859
0,4,weak-MLP,arm2,100,2,55,0.7455,0.7879,0.7971
0,4,weak-MLP,arm2,100,3,49,0.6735,0.7333,0.7642
0,4,weak-MLP,arm2,1.0,global,184,0.7391,0.7913,0.8137
0,4,weak-MLP,arm2,1.0,0,39,0.8205,0.8679,0.9528
0,4,weak-MLP,arm2,1.0,1,65,0.7692,0.8276,0.7866
0,4,weak-MLP,arm2,1.0,2,54,0.7037,0.7333,0.7486
0,4,weak-MLP,arm2,1.0,3,26,0.6154,0.6667,0.8061
0,4,weak-MLP,arm2,0.5,global,184,0.7391,0.7913,0.8137
0,4,weak-MLP,arm2,0.5,0,59,0.678,0.5957,0.8121
0,4,weak-MLP,arm2,0.5,1,74,0.8919,0.9412,0.8592
0,4,weak-MLP,arm2,0.5,2,34,0.6471,0.6471,0.7536
0,4,weak-MLP,arm2,0.5,3,17,0.4706,0.3077,0.7333
0,4,weak-MLP,arm2,0.1,global,184,0.7391,0.7913,0.8137
0,4,weak-MLP,arm2,0.1,0,60,0.5833,0.0,nan
0,4,weak-MLP,arm2,0.1,1,102,0.8922,0.943,nan
0,4,weak-MLP,arm2,0.1,2,13,0.5385,0.0,nan
0,4,weak-MLP,arm2,0.1,3,9,0.3333,0.0,nan
0,4,weak-MLP,arm2,natural,global,184,0.7391,0.7913,0.8137
0,4,weak-MLP,arm2,natural,0,63,0.6508,0.6333,0.7739
0,4,weak-MLP,arm2,natural,1,50,0.66,0.6792,0.8227
0,4,weak-MLP,arm2,natural,2,28,0.8571,0.9167,0.8533
0,4,weak-MLP,arm2,natural,3,43,0.8837,0.9275,0.8152
1,0,weak-MLP,arm2,100,global,184,0.5489,0.7088,0.4248
1,0,weak-MLP,arm2,100,0,45,0.4889,0.6567,0.5553
1,0,weak-MLP,arm2,100,1,48,0.5833,0.7368,0.4071
1,0,weak-MLP,arm2,100,2,42,0.5238,0.6875,0.3955
1,0,weak-MLP,arm2,100,3,49,0.5918,0.7436,0.3233
1,0,weak-MLP,arm2,1.0,global,184,0.5489,0.7088,0.4248
1,0,weak-MLP,arm2,1.0,0,67,0.3433,0.5111,0.4862
1,0,weak-MLP,arm2,1.0,1,52,0.9615,0.9804,0.47
1,0,weak-MLP,arm2,1.0,2,25,0.72,0.8372,0.2222
1,0,weak-MLP,arm2,1.0,3,40,0.25,0.4,0.4067
1,0,weak-MLP,arm2,0.5,global,184,0.5489,0.7088,0.4248
1,0,weak-MLP,arm2,0.5,0,40,0.425,0.5965,0.5064
1,0,weak-MLP,arm2,0.5,1,53,0.6038,0.7529,0.4479
1,0,weak-MLP,arm2,0.5,2,51,0.2353,0.381,0.3162
1,0,weak-MLP,arm2,0.5,3,40,1.0,1.0,nan
1,0,weak-MLP,arm2,0.1,global,184,0.5489,0.7088,0.4248
1,0,weak-MLP,arm2,0.1,0,19,0.2105,0.3478,0.4333
1,0,weak-MLP,arm2,0.1,1,34,0.5294,0.6923,0.6389
1,0,weak-MLP,arm2,0.1,2,55,0.0545,0.1034,0.391
1,0,weak-MLP,arm2,0.1,3,76,1.0,1.0,nan
1,0,weak-MLP,arm2,natural,global,184,0.5489,0.7088,0.4248
1,0,weak-MLP,arm2,natural,0,55,0.4364,0.6076,0.5397
1,0,weak-MLP,arm2,natural,1,58,0.3966,0.5679,0.2944
1,0,weak-MLP,arm2,natural,2,25,0.88,0.9362,0.5758
1,0,weak-MLP,arm2,natural,3,46,0.6957,0.8205,0.4531
1,1,weak-MLP,arm2,100,global,184,0.5543,0.7133,0.3345
1,1,weak-MLP,arm2,100,0,30,0.4333,0.6047,0.2081
1,1,weak-MLP,arm2,100,1,53,0.5849,0.7381,0.2815
1,1,weak-MLP,arm2,100,2,52,0.5577,0.716,0.4258
1,1,weak-MLP,arm2,100,3,49,0.5918,0.7436,0.3828
1,1,weak-MLP,arm2,1.0,global,184,0.5543,0.7133,0.3345
1,1,weak-MLP,arm2,1.0,0,55,0.2909,0.4507,0.2436
1,1,weak-MLP,arm2,1.0,1,60,0.95,0.9744,0.5789
1,1,weak-MLP,arm2,1.0,2,25,0.72,0.8372,0.2381
1,1,weak-MLP,arm2,1.0,3,44,0.25,0.4,0.449
1,1,weak-MLP,arm2,0.5,global,184,0.5543,0.7133,0.3345
1,1,weak-MLP,arm2,0.5,0,25,0.44,0.6111,0.1818
1,1,weak-MLP,arm2,0.5,1,55,0.5091,0.6747,0.2989
1,1,weak-MLP,arm2,0.5,2,55,0.2545,0.4058,0.622
1,1,weak-MLP,arm2,0.5,3,49,1.0,1.0,nan
1,1,weak-MLP,arm2,0.1,global,184,0.5543,0.7133,0.3345
1,1,weak-MLP,arm2,0.1,0,12,0.25,0.4,0.1852
1,1,weak-MLP,arm2,0.1,1,31,0.3226,0.4878,0.1714
1,1,weak-MLP,arm2,0.1,2,53,0.0189,0.037,0.3846
1,1,weak-MLP,arm2,0.1,3,88,1.0,1.0,nan
1,1,weak-MLP,arm2,natural,global,184,0.5543,0.7133,0.3345
1,1,weak-MLP,arm2,natural,0,61,0.459,0.6292,0.4859
1,1,weak-MLP,arm2,natural,1,63,0.3651,0.5349,0.237
1,1,weak-MLP,arm2,natural,2,26,0.9615,0.9804,0.64
1,1,weak-MLP,arm2,natural,3,34,0.7647,0.8667,0.1995
1,2,weak-MLP,arm2,100,global,184,0.5543,0.7133,0.399
1,2,weak-MLP,arm2,100,0,44,0.5,0.6667,0.4029
1,2,weak-MLP,arm2,100,1,38,0.5526,0.7119,0.4146
1,2,weak-MLP,arm2,100,2,49,0.5918,0.7436,0.3052
1,2,weak-MLP,arm2,100,3,53,0.566,0.7229,0.4275
1,2,weak-MLP,arm2,1.0,global,184,0.5543,0.7133,0.399
1,2,weak-MLP,arm2,1.0,0,63,0.3333,0.5,0.4252
1,2,weak-MLP,arm2,1.0,1,56,0.9821,0.991,0.3636
1,2,weak-MLP,arm2,1.0,2,22,0.6818,0.8108,0.4095
1,2,weak-MLP,arm2,1.0,3,43,0.2558,0.4074,0.3239
1,2,weak-MLP,arm2,0.5,global,184,0.5543,0.7133,0.399
1,2,weak-MLP,arm2,0.5,0,39,0.5128,0.678,0.4079
1,2,weak-MLP,arm2,0.5,1,42,0.4524,0.623,0.373
1,2,weak-MLP,arm2,0.5,2,55,0.2727,0.4286,0.3583
1,2,weak-MLP,arm2,0.5,3,48,1.0,1.0,nan
1,2,weak-MLP,arm2,0.1,global,184,0.5543,0.7133,0.399
1,2,weak-MLP,arm2,0.1,0,18,0.2222,0.3636,0.375
1,2,weak-MLP,arm2,0.1,1,36,0.4722,0.6415,0.4365
1,2,weak-MLP,arm2,0.1,2,50,0.02,0.0392,0.3673
1,2,weak-MLP,arm2,0.1,3,80,1.0,1.0,nan
1,2,weak-MLP,arm2,natural,global,184,0.5543,0.7133,0.399
1,2,weak-MLP,arm2,natural,0,61,0.5082,0.6739,0.4043
1,2,weak-MLP,arm2,natural,1,61,0.3115,0.475,0.2669
1,2,weak-MLP,arm2,natural,2,30,0.9333,0.9655,0.3929
1,2,weak-MLP,arm2,natural,3,32,0.75,0.8571,0.4531
1,3,weak-MLP,arm2,100,global,184,0.5543,0.7133,0.3555
1,3,weak-MLP,arm2,100,0,41,0.5122,0.6774,0.3476
1,3,weak-MLP,arm2,100,1,40,0.575,0.7302,0.3734
1,3,weak-MLP,arm2,100,2,59,0.5763,0.7312,0.2929
1,3,weak-MLP,arm2,100,3,44,0.5455,0.7059,0.4167
1,3,weak-MLP,arm2,1.0,global,184,0.5543,0.7133,0.3555
1,3,weak-MLP,arm2,1.0,0,60,0.3667,0.5366,0.2907
1,3,weak-MLP,arm2,1.0,1,60,0.9833,0.9916,0.3559
1,3,weak-MLP,arm2,1.0,2,18,0.7222,0.8387,0.3846
1,3,weak-MLP,arm2,1.0,3,46,0.1739,0.2963,0.4276
1,3,weak-MLP,arm2,0.5,global,184,0.5543,0.7133,0.3555
1,3,weak-MLP,arm2,0.5,0,39,0.5128,0.678,0.3421
1,3,weak-MLP,arm2,0.5,1,40,0.525,0.6885,0.3709
1,3,weak-MLP,arm2,0.5,2,58,0.2414,0.3889,0.3474
1,3,weak-MLP,arm2,0.5,3,47,1.0,1.0,nan
1,3,weak-MLP,arm2,0.1,global,184,0.5543,0.7133,0.3555
1,3,weak-MLP,arm2,0.1,0,13,0.2308,0.375,0.5
1,3,weak-MLP,arm2,0.1,1,35,0.5143,0.6792,0.2614
1,3,weak-MLP,arm2,0.1,2,58,0.0517,0.0984,0.3939
1,3,weak-MLP,arm2,0.1,3,78,1.0,1.0,nan
1,3,weak-MLP,arm2,natural,global,184,0.5543,0.7133,0.3555
1,3,weak-MLP,arm2,natural,0,64,0.4531,0.6237,0.3882
1,3,weak-MLP,arm2,natural,1,53,0.3585,0.5278,0.2554
1,3,weak-MLP,arm2,natural,2,18,0.9444,0.9714,0.1765
1,3,weak-MLP,arm2,natural,3,49,0.7551,0.8605,0.3761
1,4,weak-MLP,arm2,100,global,184,0.5543,0.7133,0.3574
1,4,weak-MLP,arm2,100,0,37,0.5405,0.7018,0.3471
1,4,weak-MLP,arm2,100,1,39,0.4872,0.6552,0.5079
1,4,weak-MLP,arm2,100,2,47,0.5532,0.7123,0.3993
1,4,weak-MLP,arm2,100,3,61,0.6066,0.7551,0.2297
1,4,weak-MLP,arm2,1.0,global,184,0.5543,0.7133,0.3574
1,4,weak-MLP,arm2,1.0,0,60,0.3667,0.5366,0.4569
1,4,weak-MLP,arm2,1.0,1,50,0.98,0.9899,0.2653
1,4,weak-MLP,arm2,1.0,2,25,0.72,0.8372,0.254
1,4,weak-MLP,arm2,1.0,3,49,0.2653,0.4194,0.3077
1,4,weak-MLP,arm2,0.5,global,184,0.5543,0.7133,0.3574
1,4,weak-MLP,arm2,0.5,0,31,0.4516,0.6222,0.3445
1,4,weak-MLP,arm2,0.5,1,46,0.5217,0.6857,0.5133
1,4,weak-MLP,arm2,0.5,2,55,0.2364,0.3824,0.3297
1,4,weak-MLP,arm2,0.5,3,52,0.9808,0.9903,0.0588
1,4,weak-MLP,arm2,0.1,global,184,0.5543,0.7133,0.3574
1,4,weak-MLP,arm2,0.1,0,14,0.2857,0.4444,0.3
1,4,weak-MLP,arm2,0.1,1,33,0.4848,0.6531,0.375
1,4,weak-MLP,arm2,0.1,2,55,0.0,0.0,nan
1,4,weak-MLP,arm2,0.1,3,82,1.0,1.0,nan
1,4,weak-MLP,arm2,natural,global,184,0.5543,0.7133,0.3574
1,4,weak-MLP,arm2,natural,0,62,0.4355,0.6067,0.4995
1,4,weak-MLP,arm2,natural,1,59,0.3729,0.5432,0.2088
1,4,weak-MLP,arm2,natural,2,24,0.9583,0.9787,0.0
1,4,weak-MLP,arm2,natural,3,39,0.7692,0.8696,0.2926
2,0,weak-MLP,arm2,100,global,184,0.5707,0.6902,0.553
2,0,weak-MLP,arm2,100,0,44,0.5,0.6207,0.5354
2,0,weak-MLP,arm2,100,1,59,0.5932,0.7209,0.4976
2,0,weak-MLP,arm2,100,2,36,0.5833,0.6809,0.613
2,0,weak-MLP,arm2,100,3,45,0.6,0.7188,0.6155
2,0,weak-MLP,arm2,1.0,global,184,0.5707,0.6902,0.553
2,0,weak-MLP,arm2,1.0,0,16,0.25,0.25,0.7143
2,0,weak-MLP,arm2,1.0,1,28,0.3929,0.4138,0.5238
2,0,weak-MLP,arm2,1.0,2,117,0.6325,0.7543,0.5589
2,0,weak-MLP,arm2,1.0,3,23,0.6957,0.8,0.6964
2,0,weak-MLP,arm2,0.5,global,184,0.5707,0.6902,0.553
2,0,weak-MLP,arm2,0.5,0,33,0.2121,0.0,nan
2,0,weak-MLP,arm2,0.5,1,65,0.4154,0.5,0.5233
2,0,weak-MLP,arm2,0.5,2,46,0.8913,0.9425,nan
2,0,weak-MLP,arm2,0.5,3,40,0.75,0.8485,0.7359
2,0,weak-MLP,arm2,0.1,global,184,0.5707,0.6902,0.553
2,0,weak-MLP,arm2,0.1,0,32,0.2188,0.0,nan
2,0,weak-MLP,arm2,0.1,1,67,0.3582,0.3944,0.5711
2,0,weak-MLP,arm2,0.1,2,55,0.8909,0.9423,nan
2,0,weak-MLP,arm2,0.1,3,30,0.8333,0.9091,nan
2,0,weak-MLP,arm2,natural,global,184,0.5707,0.6902,0.553
2,0,weak-MLP,arm2,natural,0,60,0.5333,0.6316,0.5818
2,0,weak-MLP,arm2,natural,1,64,0.4375,0.5385,0.4875
2,0,weak-MLP,arm2,natural,2,23,0.9565,0.9767,1.0
2,0,weak-MLP,arm2,natural,3,37,0.6216,0.7586,0.4519
2,1,weak-MLP,arm2,100,global,184,0.5598,0.6824,0.54
2,1,weak-MLP,arm2,100,0,34,0.7059,0.7917,0.6212
2,1,weak-MLP,arm2,100,1,55,0.5273,0.6486,0.5371
2,1,weak-MLP,arm2,100,2,46,0.5,0.6462,0.5086
2,1,weak-MLP,arm2,100,3,49,0.551,0.6765,0.5167
2,1,weak-MLP,arm2,1.0,global,184,0.5598,0.6824,0.54
2,1,weak-MLP,arm2,1.0,0,9,0.6667,0.5714,0.7857
2,1,weak-MLP,arm2,1.0,1,29,0.2759,0.2222,0.5917
2,1,weak-MLP,arm2,1.0,2,119,0.5882,0.7322,0.4053
2,1,weak-MLP,arm2,1.0,3,27,0.7037,0.7895,0.7882
2,1,weak-MLP,arm2,0.5,global,184,0.5598,0.6824,0.54
2,1,weak-MLP,arm2,0.5,0,30,0.3,0.0,nan
2,1,weak-MLP,arm2,0.5,1,67,0.3582,0.4819,0.3903
2,1,weak-MLP,arm2,0.5,2,47,0.7872,0.878,0.7121
2,1,weak-MLP,arm2,0.5,3,40,0.825,0.8986,0.6971
2,1,weak-MLP,arm2,0.1,global,184,0.5598,0.6824,0.54
2,1,weak-MLP,arm2,0.1,0,18,0.3889,0.0,nan
2,1,weak-MLP,arm2,0.1,1,77,0.2597,0.2785,0.3526
2,1,weak-MLP,arm2,0.1,2,59,0.8644,0.9273,nan
2,1,weak-MLP,arm2,0.1,3,30,0.8333,0.9091,0.0345
2,1,weak-MLP,arm2,natural,global,184,0.5598,0.6824,0.54
2,1,weak-MLP,arm2,natural,0,57,0.5088,0.6216,0.545
2,1,weak-MLP,arm2,natural,1,59,0.3729,0.3934,0.5318
2,1,weak-MLP,arm2,natural,2,26,0.9615,0.9804,0.68
2,1,weak-MLP,arm2,natural,3,42,0.6429,0.7826,0.2189
2,2,weak-MLP,arm2,100,global,184,0.6033,0.7266,0.6431
2,2,weak-MLP,arm2,100,0,40,0.725,0.8197,0.8022
2,2,weak-MLP,arm2,100,1,53,0.6038,0.7342,0.6378
2,2,weak-MLP,arm2,100,2,44,0.5455,0.6774,0.5652
2,2,weak-MLP,arm2,100,3,47,0.5532,0.6769,0.6218
2,2,weak-MLP,arm2,1.0,global,184,0.6033,0.7266,0.6431
2,2,weak-MLP,arm2,1.0,0,13,0.5385,0.625,0.7
2,2,weak-MLP,arm2,1.0,1,33,0.4848,0.5641,0.6865
2,2,weak-MLP,arm2,1.0,2,106,0.6226,0.75,0.6138
2,2,weak-MLP,arm2,1.0,3,32,0.6875,0.8077,0.6364
2,2,weak-MLP,arm2,0.5,global,184,0.6033,0.7266,0.6431
2,2,weak-MLP,arm2,0.5,0,29,0.2414,0.0,nan
2,2,weak-MLP,arm2,0.5,1,72,0.4722,0.5957,0.6841
2,2,weak-MLP,arm2,0.5,2,42,0.9286,0.963,nan
2,2,weak-MLP,arm2,0.5,3,41,0.7561,0.8571,0.5636
2,2,weak-MLP,arm2,0.1,global,184,0.6033,0.7266,0.6431
2,2,weak-MLP,arm2,0.1,0,22,0.2273,0.0,nan
2,2,weak-MLP,arm2,0.1,1,80,0.35,0.4222,0.6858
2,2,weak-MLP,arm2,0.1,2,59,0.9322,0.9649,nan
2,2,weak-MLP,arm2,0.1,3,23,1.0,1.0,nan
2,2,weak-MLP,arm2,natural,global,184,0.6033,0.7266,0.6431
2,2,weak-MLP,arm2,natural,0,71,0.4789,0.5747,0.686
2,2,weak-MLP,arm2,natural,1,47,0.4681,0.6032,0.5169
2,2,weak-MLP,arm2,natural,2,22,0.8182,0.9,0.35
2,2,weak-MLP,arm2,natural,3,44,0.8409,0.9091,0.6762
2,3,weak-MLP,arm2,100,global,184,0.5652,0.7101,0.594
2,3,weak-MLP,arm2,100,0,47,0.5745,0.7059,0.6196
2,3,weak-MLP,arm2,100,1,51,0.6275,0.7595,0.7023
2,3,weak-MLP,arm2,100,2,46,0.5,0.6667,0.4419
2,3,weak-MLP,arm2,100,3,40,0.55,0.7,0.5764
2,3,weak-MLP,arm2,1.0,global,184,0.5652,0.7101,0.594
2,3,weak-MLP,arm2,1.0,0,20,0.45,0.5217,0.4524
2,3,weak-MLP,arm2,1.0,1,26,0.3077,0.4,0.7583
2,3,weak-MLP,arm2,1.0,2,111,0.5946,0.7458,0.5669
2,3,weak-MLP,arm2,1.0,3,27,0.7778,0.8696,0.6357
2,3,weak-MLP,arm2,0.5,global,184,0.5652,0.7101,0.594
2,3,weak-MLP,arm2,0.5,0,32,0.1875,0.0714,1.0
2,3,weak-MLP,arm2,0.5,1,75,0.4133,0.5849,0.548
2,3,weak-MLP,arm2,0.5,2,43,0.907,0.9512,0.8571
2,3,weak-MLP,arm2,0.5,3,34,0.8235,0.9,0.5774
2,3,weak-MLP,arm2,0.1,global,184,0.5652,0.7101,0.594
2,3,weak-MLP,arm2,0.1,0,29,0.1724,0.0,nan
2,3,weak-MLP,arm2,0.1,1,70,0.2571,0.3953,0.5943
2,3,weak-MLP,arm2,0.1,2,62,0.9355,0.9667,nan
2,3,weak-MLP,arm2,0.1,3,23,1.0,1.0,nan
2,3,weak-MLP,arm2,natural,global,184,0.5652,0.7101,0.594
2,3,weak-MLP,arm2,natural,0,55,0.5091,0.64,0.7253
2,3,weak-MLP,arm2,natural,1,56,0.3214,0.4571,0.4054
2,3,weak-MLP,arm2,natural,2,32,0.875,0.9333,0.3393
2,3,weak-MLP,arm2,natural,3,41,0.7317,0.8451,0.4364
2,4,weak-MLP,arm2,100,global,184,0.5598,0.6747,0.539
2,4,weak-MLP,arm2,100,0,48,0.5417,0.6562,0.4653
2,4,weak-MLP,arm2,100,1,55,0.5818,0.7013,0.5455
2,4,weak-MLP,arm2,100,2,36,0.5833,0.6809,0.6378
2,4,weak-MLP,arm2,100,3,45,0.5333,0.6557,0.5283
2,4,weak-MLP,arm2,1.0,global,184,0.5598,0.6747,0.539
2,4,weak-MLP,arm2,1.0,0,15,0.2667,0.2667,0.25
2,4,weak-MLP,arm2,1.0,1,34,0.4118,0.4118,0.619
2,4,weak-MLP,arm2,1.0,2,103,0.6602,0.7712,0.537
2,4,weak-MLP,arm2,1.0,3,32,0.5312,0.6809,0.5459
2,4,weak-MLP,arm2,0.5,global,184,0.5598,0.6747,0.539
2,4,weak-MLP,arm2,0.5,0,37,0.2162,0.0,0.0278
2,4,weak-MLP,arm2,0.5,1,66,0.5455,0.625,0.5926
2,4,weak-MLP,arm2,0.5,2,43,0.8372,0.9114,nan
2,4,weak-MLP,arm2,0.5,3,38,0.6053,0.7541,0.5023
2,4,weak-MLP,arm2,0.1,global,184,0.5598,0.6747,0.539
2,4,weak-MLP,arm2,0.1,0,32,0.2188,0.0,nan
2,4,weak-MLP,arm2,0.1,1,68,0.3971,0.4225,0.4822
2,4,weak-MLP,arm2,0.1,2,54,0.8704,0.9307,nan
2,4,weak-MLP,arm2,0.1,3,30,0.7333,0.8462,nan
2,4,weak-MLP,arm2,natural,global,184,0.5598,0.6747,0.539
2,4,weak-MLP,arm2,natural,0,60,0.5167,0.6329,0.5502
2,4,weak-MLP,arm2,natural,1,68,0.4412,0.4865,0.4542
2,4,weak-MLP,arm2,natural,2,20,0.8,0.8889,nan
2,4,weak-MLP,arm2,natural,3,36,0.7222,0.8333,0.2723
3,0,weak-MLP,arm2,100,global,184,0.663,0.7459,0.6465
3,0,weak-MLP,arm2,100,0,49,0.6531,0.7385,0.6397
3,0,weak-MLP,arm2,100,1,44,0.7045,0.7636,0.6208
3,0,weak-MLP,arm2,100,2,42,0.5952,0.6909,0.7
3,0,weak-MLP,arm2,100,3,49,0.6939,0.7826,0.6246
3,0,weak-MLP,arm2,1.0,global,184,0.663,0.7459,0.6465
3,0,weak-MLP,arm2,1.0,0,14,0.7857,0.8571,0.8222
3,0,weak-MLP,arm2,1.0,1,54,0.6852,0.7848,0.5912
3,0,weak-MLP,arm2,1.0,2,68,0.6765,0.7556,0.6649
3,0,weak-MLP,arm2,1.0,3,48,0.5833,0.6296,0.6286
3,0,weak-MLP,arm2,0.5,global,184,0.663,0.7459,0.6465
3,0,weak-MLP,arm2,0.5,0,40,0.875,0.9333,nan
3,0,weak-MLP,arm2,0.5,1,33,0.4545,0.4,0.4691
3,0,weak-MLP,arm2,0.5,2,53,0.6604,0.7273,0.7243
3,0,weak-MLP,arm2,0.5,3,58,0.6379,0.7123,0.6321
3,0,weak-MLP,arm2,0.1,global,184,0.663,0.7459,0.6465
3,0,weak-MLP,arm2,0.1,0,36,0.9167,0.9565,nan
3,0,weak-MLP,arm2,0.1,1,50,0.42,0.0645,0.9184
3,0,weak-MLP,arm2,0.1,2,87,0.7586,0.8444,0.6576
3,0,weak-MLP,arm2,0.1,3,11,0.1818,0.0,nan
3,0,weak-MLP,arm2,natural,global,184,0.663,0.7459,0.6465
3,0,weak-MLP,arm2,natural,0,73,0.6575,0.6988,0.7636
3,0,weak-MLP,arm2,natural,1,54,0.5741,0.623,0.6508
3,0,weak-MLP,arm2,natural,2,19,0.7895,0.8824,0.7778
3,0,weak-MLP,arm2,natural,3,38,0.7368,0.8485,0.4598
3,1,weak-MLP,arm2,100,global,184,0.6087,0.712,0.5172
3,1,weak-MLP,arm2,100,0,46,0.6304,0.7302,0.4781
3,1,weak-MLP,arm2,100,1,33,0.3939,0.4118,0.4435
3,1,weak-MLP,arm2,100,2,55,0.6727,0.7692,0.6106
3,1,weak-MLP,arm2,100,3,50,0.66,0.7733,0.4581
3,1,weak-MLP,arm2,1.0,global,184,0.6087,0.712,0.5172
3,1,weak-MLP,arm2,1.0,0,18,0.8333,0.8889,0.7538
3,1,weak-MLP,arm2,1.0,1,53,0.5472,0.6667,0.39
3,1,weak-MLP,arm2,1.0,2,65,0.6462,0.7473,0.6105
3,1,weak-MLP,arm2,1.0,3,48,0.5417,0.6333,0.5245
3,1,weak-MLP,arm2,0.5,global,184,0.6087,0.712,0.5172
3,1,weak-MLP,arm2,0.5,0,36,0.8611,0.9254,nan
3,1,weak-MLP,arm2,0.5,1,38,0.3421,0.1935,0.5333
3,1,weak-MLP,arm2,0.5,2,46,0.587,0.6885,0.6286
3,1,weak-MLP,arm2,0.5,3,64,0.6406,0.7473,0.5294
3,1,weak-MLP,arm2,0.1,global,184,0.6087,0.712,0.5172
3,1,weak-MLP,arm2,0.1,0,30,0.9,0.9474,nan
3,1,weak-MLP,arm2,0.1,1,50,0.26,0.0,0.0408
3,1,weak-MLP,arm2,0.1,2,90,0.7556,0.8472,0.5914
3,1,weak-MLP,arm2,0.1,3,14,0.2857,0.1667,0.7692
3,1,weak-MLP,arm2,natural,global,184,0.6087,0.712,0.5172
3,1,weak-MLP,arm2,natural,0,66,0.5303,0.6076,0.4507
3,1,weak-MLP,arm2,natural,1,53,0.5849,0.6333,0.6525
3,1,weak-MLP,arm2,natural,2,24,0.7917,0.8837,0.4127
3,1,weak-MLP,arm2,natural,3,41,0.6585,0.7941,0.4533
3,2,weak-MLP,arm2,100,global,184,0.625,0.7273,0.5691
3,2,weak-MLP,arm2,100,0,40,0.6,0.6923,0.401
3,2,weak-MLP,arm2,100,1,43,0.6047,0.7119,0.6429
3,2,weak-MLP,arm2,100,2,50,0.58,0.6667,0.62
3,2,weak-MLP,arm2,100,3,51,0.7059,0.8101,0.5927
3,2,weak-MLP,arm2,1.0,global,184,0.625,0.7273,0.5691
3,2,weak-MLP,arm2,1.0,0,15,0.8667,0.9091,0.6
3,2,weak-MLP,arm2,1.0,1,50,0.64,0.75,0.4319
3,2,weak-MLP,arm2,1.0,2,69,0.6232,0.74,0.5871
3,2,weak-MLP,arm2,1.0,3,50,0.54,0.6102,0.657
3,2,weak-MLP,arm2,0.5,global,184,0.625,0.7273,0.5691
3,2,weak-MLP,arm2,0.5,0,39,0.8974,0.9459,nan
3,2,weak-MLP,arm2,0.5,1,32,0.3438,0.2222,0.5517
3,2,weak-MLP,arm2,0.5,2,46,0.5652,0.6774,0.5227
3,2,weak-MLP,arm2,0.5,3,67,0.6418,0.7333,0.6978
3,2,weak-MLP,arm2,0.1,global,184,0.625,0.7273,0.5691
3,2,weak-MLP,arm2,0.1,0,30,0.9,0.9474,nan
3,2,weak-MLP,arm2,0.1,1,46,0.2609,0.0,nan
3,2,weak-MLP,arm2,0.1,2,96,0.7604,0.8497,0.6649
3,2,weak-MLP,arm2,0.1,3,12,0.25,0.0,nan
3,2,weak-MLP,arm2,natural,global,184,0.625,0.7273,0.5691
3,2,weak-MLP,arm2,natural,0,49,0.5918,0.6552,0.62
3,2,weak-MLP,arm2,natural,1,71,0.493,0.55,0.5843
3,2,weak-MLP,arm2,natural,2,24,0.875,0.9333,0.25
3,2,weak-MLP,arm2,natural,3,40,0.75,0.8571,0.7025
3,3,weak-MLP,arm2,100,global,184,0.6902,0.7673,0.5838
3,3,weak-MLP,arm2,100,0,39,0.6154,0.6667,0.627
3,3,weak-MLP,arm2,100,1,42,0.619,0.7333,0.4306
3,3,weak-MLP,arm2,100,2,40,0.775,0.8364,0.6484
3,3,weak-MLP,arm2,100,3,63,0.7302,0.8,0.6255
3,3,weak-MLP,arm2,1.0,global,184,0.6902,0.7673,0.5838
3,3,weak-MLP,arm2,1.0,0,19,0.5789,0.6923,0.4432
3,3,weak-MLP,arm2,1.0,1,53,0.7736,0.85,0.5784
3,3,weak-MLP,arm2,1.0,2,59,0.7288,0.8095,0.5061
3,3,weak-MLP,arm2,1.0,3,53,0.6038,0.6182,0.6905
3,3,weak-MLP,arm2,0.5,global,184,0.6902,0.7673,0.5838
3,3,weak-MLP,arm2,0.5,0,40,0.875,0.9333,nan
3,3,weak-MLP,arm2,0.5,1,31,0.4516,0.3704,0.5077
3,3,weak-MLP,arm2,0.5,2,42,0.6905,0.7636,0.475
3,3,weak-MLP,arm2,0.5,3,71,0.6901,0.75,0.6532
3,3,weak-MLP,arm2,0.1,global,184,0.6902,0.7673,0.5838
3,3,weak-MLP,arm2,0.1,0,36,0.8889,0.9412,nan
3,3,weak-MLP,arm2,0.1,1,42,0.4048,0.0741,0.9512
3,3,weak-MLP,arm2,0.1,2,85,0.8235,0.8905,0.6246
3,3,weak-MLP,arm2,0.1,3,21,0.381,0.0,nan
3,3,weak-MLP,arm2,natural,global,184,0.6902,0.7673,0.5838
3,3,weak-MLP,arm2,natural,0,58,0.6552,0.697,0.644
3,3,weak-MLP,arm2,natural,1,60,0.55,0.5574,0.6804
3,3,weak-MLP,arm2,natural,2,32,0.9375,0.9677,nan
3,3,weak-MLP,arm2,natural,3,34,0.7647,0.8571,0.4083
3,4,weak-MLP,arm2,100,global,184,0.6576,0.749,0.5496
3,4,weak-MLP,arm2,100,0,30,0.6667,0.75,0.5311
3,4,weak-MLP,arm2,100,1,53,0.6226,0.7059,0.5527
3,4,weak-MLP,arm2,100,2,43,0.6047,0.7119,0.4372
3,4,weak-MLP,arm2,100,3,58,0.7241,0.8095,0.6495
3,4,weak-MLP,arm2,1.0,global,184,0.6576,0.749,0.5496
3,4,weak-MLP,arm2,1.0,0,6,0.8333,0.8571,0.875
3,4,weak-MLP,arm2,1.0,1,51,0.6275,0.7532,0.3893
3,4,weak-MLP,arm2,1.0,2,68,0.6765,0.7556,0.5498
3,4,weak-MLP,arm2,1.0,3,59,0.6441,0.7273,0.6613
3,4,weak-MLP,arm2,0.5,global,184,0.6576,0.749,0.5496
3,4,weak-MLP,arm2,0.5,0,37,0.8649,0.9275,nan
3,4,weak-MLP,arm2,0.5,1,32,0.4688,0.3704,0.5371
3,4,weak-MLP,arm2,0.5,2,53,0.6226,0.7222,0.4786
3,4,weak-MLP,arm2,0.5,3,62,0.6613,0.747,0.6275
3,4,weak-MLP,arm2,0.1,global,184,0.6576,0.749,0.5496
3,4,weak-MLP,arm2,0.1,0,30,0.8667,0.9286,nan
3,4,weak-MLP,arm2,0.1,1,41,0.3415,0.0,nan
3,4,weak-MLP,arm2,0.1,2,95,0.7789,0.8662,0.506
3,4,weak-MLP,arm2,0.1,3,18,0.3889,0.0,nan
3,4,weak-MLP,arm2,natural,global,184,0.6576,0.749,0.5496
3,4,weak-MLP,arm2,natural,0,57,0.5789,0.625,0.5619
3,4,weak-MLP,arm2,natural,1,56,0.5357,0.5667,0.6401
3,4,weak-MLP,arm2,natural,2,24,0.8333,0.9091,0.5682
3,4,weak-MLP,arm2,natural,3,47,0.8085,0.8916,0.4108
4,0,weak-MLP,arm2,100,global,184,0.5489,0.7088,0.7388
4,0,weak-MLP,arm2,100,0,55,0.5636,0.7209,0.8118
4,0,weak-MLP,arm2,100,1,40,0.6,0.75,0.7083
4,0,weak-MLP,arm2,100,2,39,0.4872,0.6552,0.6684
4,0,weak-MLP,arm2,100,3,50,0.54,0.7013,0.7713
4,0,weak-MLP,arm2,1.0,global,184,0.5489,0.7088,0.7388
4,0,weak-MLP,arm2,1.0,0,22,0.1818,0.3077,0.875
4,0,weak-MLP,arm2,1.0,1,72,0.8889,0.9412,0.6641
4,0,weak-MLP,arm2,1.0,2,64,0.4375,0.6087,0.6359
4,0,weak-MLP,arm2,1.0,3,26,0.1923,0.3226,0.8667
4,0,weak-MLP,arm2,0.5,global,184,0.5489,0.7088,0.7388
4,0,weak-MLP,arm2,0.5,0,14,0.0,0.0,nan
4,0,weak-MLP,arm2,0.5,1,105,0.6952,0.8202,0.6931
4,0,weak-MLP,arm2,0.5,2,54,0.4259,0.5974,0.709
4,0,weak-MLP,arm2,0.5,3,11,0.4545,0.625,0.8333
4,0,weak-MLP,arm2,0.1,global,184,0.5489,0.7088,0.7388
4,0,weak-MLP,arm2,0.1,0,27,1.0,1.0,nan
4,0,weak-MLP,arm2,0.1,1,50,1.0,1.0,nan
4,0,weak-MLP,arm2,0.1,2,84,0.0238,0.0465,0.7378
4,0,weak-MLP,arm2,0.1,3,23,0.9565,0.9778,0.8636
4,0,weak-MLP,arm2,natural,global,184,0.5489,0.7088,0.7388
4,0,weak-MLP,arm2,natural,0,55,0.4545,0.625,0.7533
4,0,weak-MLP,arm2,natural,1,59,0.3051,0.4675,0.7331
4,0,weak-MLP,arm2,natural,2,25,0.96,0.9796,0.9583
4,0,weak-MLP,arm2,natural,3,45,0.7556,0.8608,0.5535
4,1,weak-MLP,arm2,100,global,184,0.5543,0.7133,0.7374
4,1,weak-MLP,arm2,100,0,60,0.5833,0.7368,0.7977
4,1,weak-MLP,arm2,100,1,39,0.5128,0.678,0.7447
4,1,weak-MLP,arm2,100,2,46,0.587,0.7397,0.7115
4,1,weak-MLP,arm2,100,3,39,0.5128,0.678,0.6658
4,1,weak-MLP,arm2,1.0,global,184,0.5543,0.7133,0.7374
4,1,weak-MLP,arm2,1.0,0,25,0.16,0.2759,0.7381
4,1,weak-MLP,arm2,1.0,1,75,0.9067,0.951,0.7332
4,1,weak-MLP,arm2,1.0,2,58,0.3448,0.5128,0.7066
4,1,weak-MLP,arm2,1.0,3,26,0.3846,0.5556,0.6188
4,1,weak-MLP,arm2,0.5,global,184,0.5543,0.7133,0.7374
4,1,weak-MLP,arm2,0.5,0,17,0.1176,0.2105,1.0
4,1,weak-MLP,arm2,0.5,1,111,0.6757,0.8065,0.693
4,1,weak-MLP,arm2,0.5,2,47,0.4468,0.6176,0.7308
4,1,weak-MLP,arm2,0.5,3,9,0.4444,0.6154,0.7
4,1,weak-MLP,arm2,0.1,global,184,0.5543,0.7133,0.7374
4,1,weak-MLP,arm2,0.1,0,20,1.0,1.0,nan
4,1,weak-MLP,arm2,0.1,1,57,1.0,1.0,nan
4,1,weak-MLP,arm2,0.1,2,84,0.0238,0.0465,0.8598
4,1,weak-MLP,arm2,0.1,3,23,1.0,1.0,nan
4,1,weak-MLP,arm2,natural,global,184,0.5543,0.7133,0.7374
4,1,weak-MLP,arm2,natural,0,64,0.4219,0.5934,0.7097
4,1,weak-MLP,arm2,natural,1,54,0.4259,0.5974,0.7504
4,1,weak-MLP,arm2,natural,2,22,0.9091,0.9524,0.75
4,1,weak-MLP,arm2,natural,3,44,0.7273,0.8421,0.6094
4,2,weak-MLP,arm2,100,global,184,0.5543,0.7133,0.7349
4,2,weak-MLP,arm2,100,0,40,0.6,0.75,0.6406
4,2,weak-MLP,arm2,100,1,50,0.54,0.7013,0.752
4,2,weak-MLP,arm2,100,2,47,0.5745,0.7297,0.7833
4,2,weak-MLP,arm2,100,3,47,0.5106,0.6761,0.7736
4,2,weak-MLP,arm2,1.0,global,184,0.5543,0.7133,0.7349
4,2,weak-MLP,arm2,1.0,0,16,0.1875,0.3158,0.5641
4,2,weak-MLP,arm2,1.0,1,70,0.9571,0.9781,0.4478
4,2,weak-MLP,arm2,1.0,2,74,0.4054,0.5769,0.7432
4,2,weak-MLP,arm2,1.0,3,24,0.0833,0.1538,0.7727
4,2,weak-MLP,arm2,0.5,global,184,0.5543,0.7133,0.7349
4,2,weak-MLP,arm2,0.5,0,11,0.0909,0.1667,0.8
4,2,weak-MLP,arm2,0.5,1,114,0.6842,0.8125,0.7301
4,2,weak-MLP,arm2,0.5,2,51,0.4118,0.5833,0.773
4,2,weak-MLP,arm2,0.5,3,8,0.25,0.4,0.6667
4,2,weak-MLP,arm2,0.1,global,184,0.5543,0.7133,0.7349
4,2,weak-MLP,arm2,0.1,0,26,1.0,1.0,nan
4,2,weak-MLP,arm2,0.1,1,56,1.0,1.0,nan
4,2,weak-MLP,arm2,0.1,2,83,0.012,0.0238,0.9878
4,2,weak-MLP,arm2,0.1,3,19,1.0,1.0,nan
4,2,weak-MLP,arm2,natural,global,184,0.5543,0.7133,0.7349
4,2,weak-MLP,arm2,natural,0,59,0.5085,0.6742,0.7345
4,2,weak-MLP,arm2,natural,1,58,0.3276,0.4935,0.7045
4,2,weak-MLP,arm2,natural,2,28,0.8571,0.9231,0.7396
4,2,weak-MLP,arm2,natural,3,39,0.7436,0.8529,0.6207
4,3,weak-MLP,arm2,100,global,184,0.5543,0.7133,0.6824
4,3,weak-MLP,arm2,100,0,57,0.5789,0.7333,0.6774
4,3,weak-MLP,arm2,100,1,43,0.5116,0.6769,0.5671
4,3,weak-MLP,arm2,100,2,49,0.5714,0.7273,0.7789
4,3,weak-MLP,arm2,100,3,35,0.5429,0.7037,0.6645
4,3,weak-MLP,arm2,1.0,global,184,0.5543,0.7133,0.6824
4,3,weak-MLP,arm2,1.0,0,23,0.087,0.16,0.7857
4,3,weak-MLP,arm2,1.0,1,91,0.9011,0.948,0.6653
4,3,weak-MLP,arm2,1.0,2,56,0.2857,0.4444,0.6672
4,3,weak-MLP,arm2,1.0,3,14,0.1429,0.25,0.5833
4,3,weak-MLP,arm2,0.5,global,184,0.5543,0.7133,0.6824
4,3,weak-MLP,arm2,0.5,0,19,0.1579,0.2727,0.7917
4,3,weak-MLP,arm2,0.5,1,121,0.6446,0.7839,0.6614
4,3,weak-MLP,arm2,0.5,2,36,0.5,0.6667,0.7438
4,3,weak-MLP,arm2,0.5,3,8,0.375,0.5455,0.4667
4,3,weak-MLP,arm2,0.1,global,184,0.5543,0.7133,0.6824
4,3,weak-MLP,arm2,0.1,0,25,1.0,1.0,nan
4,3,weak-MLP,arm2,0.1,1,46,1.0,1.0,nan
4,3,weak-MLP,arm2,0.1,2,84,0.0238,0.0465,0.3537
4,3,weak-MLP,arm2,0.1,3,29,1.0,1.0,nan
4,3,weak-MLP,arm2,natural,global,184,0.5543,0.7133,0.6824
4,3,weak-MLP,arm2,natural,0,63,0.4444,0.6154,0.6663
4,3,weak-MLP,arm2,natural,1,61,0.3607,0.5301,0.7704
4,3,weak-MLP,arm2,natural,2,24,1.0,1.0,nan
4,3,weak-MLP,arm2,natural,3,36,0.7778,0.875,0.4018
4,4,weak-MLP,arm2,100,global,184,0.5543,0.7133,0.7055
4,4,weak-MLP,arm2,100,0,46,0.5217,0.6857,0.625
4,4,weak-MLP,arm2,100,1,51,0.5686,0.725,0.8009
4,4,weak-MLP,arm2,100,2,38,0.6053,0.7541,0.7565
4,4,weak-MLP,arm2,100,3,49,0.5306,0.6933,0.709
4,4,weak-MLP,arm2,1.0,global,184,0.5543,0.7133,0.7055
4,4,weak-MLP,arm2,1.0,0,19,0.0526,0.1,0.2778
4,4,weak-MLP,arm2,1.0,1,76,0.9342,0.966,0.5408
4,4,weak-MLP,arm2,1.0,2,66,0.4242,0.5957,0.7274
4,4,weak-MLP,arm2,1.0,3,23,0.087,0.16,0.7857
4,4,weak-MLP,arm2,0.5,global,184,0.5543,0.7133,0.7055
4,4,weak-MLP,arm2,0.5,0,11,0.0,0.0,nan
4,4,weak-MLP,arm2,0.5,1,111,0.6757,0.8065,0.6933
4,4,weak-MLP,arm2,0.5,2,46,0.3913,0.5625,0.7163
4,4,weak-MLP,arm2,0.5,3,16,0.5625,0.72,0.7143
4,4,weak-MLP,arm2,0.1,global,184,0.5543,0.7133,0.7055
4,4,weak-MLP,arm2,0.1,0,27,1.0,1.0,nan
4,4,weak-MLP,arm2,0.1,1,51,1.0,1.0,nan
4,4,weak-MLP,arm2,0.1,2,84,0.0238,0.0465,0.7744
4,4,weak-MLP,arm2,0.1,3,22,1.0,1.0,nan
4,4,weak-MLP,arm2,natural,global,184,0.5543,0.7133,0.7055
4,4,weak-MLP,arm2,natural,0,62,0.4677,0.6374,0.7461
4,4,weak-MLP,arm2,natural,1,62,0.3871,0.5581,0.7292
4,4,weak-MLP,arm2,natural,2,24,0.9583,0.9787,0.913
4,4,weak-MLP,arm2,natural,3,36,0.7222,0.8387,0.4962
5,0,weak-MLP,arm2,100,global,184,0.6576,0.749,0.7973
5,0,weak-MLP,arm2,100,0,36,0.6944,0.7755,0.808
5,0,weak-MLP,arm2,100,1,42,0.5952,0.6792,0.7205
5,0,weak-MLP,arm2,100,2,57,0.6316,0.7042,0.842
5,0,weak-MLP,arm2,100,3,49,0.7143,0.8205,0.7595
5,0,weak-MLP,arm2,1.0,global,184,0.6576,0.749,0.7973
5,0,weak-MLP,arm2,1.0,0,31,0.871,0.9286,0.8667
5,0,weak-MLP,arm2,1.0,1,77,0.4675,0.4058,0.8379
5,0,weak-MLP,arm2,1.0,2,60,0.7167,0.8211,0.7484
5,0,weak-MLP,arm2,1.0,3,16,0.9375,0.9677,nan
5,0,weak-MLP,arm2,0.5,global,184,0.6576,0.749,0.7973
5,0,weak-MLP,arm2,0.5,0,8,0.375,0.0,nan
5,0,weak-MLP,arm2,0.5,1,75,0.32,0.0,nan
5,0,weak-MLP,arm2,0.5,2,64,0.9062,0.9508,nan
5,0,weak-MLP,arm2,0.5,3,37,0.973,0.9863,nan
5,0,weak-MLP,arm2,0.1,global,184,0.6576,0.749,0.7973
5,0,weak-MLP,arm2,0.1,0,101,0.9208,0.9583,0.9293
5,0,weak-MLP,arm2,0.1,1,20,0.3,0.125,0.8947
5,0,weak-MLP,arm2,0.1,2,1,1.0,1.0,nan
5,0,weak-MLP,arm2,0.1,3,62,0.3387,0.0,nan
5,0,weak-MLP,arm2,natural,global,184,0.6576,0.749,0.7973
5,0,weak-MLP,arm2,natural,0,57,0.5263,0.5091,0.7322
5,0,weak-MLP,arm2,natural,1,57,0.5789,0.6471,0.7677
5,0,weak-MLP,arm2,natural,2,24,0.9167,0.9565,0.8696
5,0,weak-MLP,arm2,natural,3,46,0.7826,0.878,0.775
5,1,weak-MLP,arm2,100,global,184,0.6576,0.7605,0.8449
5,1,weak-MLP,arm2,100,0,36,0.6667,0.7778,0.8222
5,1,weak-MLP,arm2,100,1,49,0.6939,0.8,0.8544
5,1,weak-MLP,arm2,100,2,44,0.6591,0.7619,0.8375
5,1,weak-MLP,arm2,100,3,55,0.6182,0.7042,0.8519
5,1,weak-MLP,arm2,1.0,global,184,0.6576,0.7605,0.8449
5,1,weak-MLP,arm2,1.0,0,35,1.0,1.0,nan
5,1,weak-MLP,arm2,1.0,1,70,0.4429,0.4935,0.8999
5,1,weak-MLP,arm2,1.0,2,63,0.6508,0.75,0.8561
5,1,weak-MLP,arm2,1.0,3,16,0.875,0.9286,0.7179
5,1,weak-MLP,arm2,0.5,global,184,0.6576,0.7605,0.8449
5,1,weak-MLP,arm2,0.5,0,8,0.125,0.2222,0.0
5,1,weak-MLP,arm2,0.5,1,72,0.2778,0.0,nan
5,1,weak-MLP,arm2,0.5,2,74,0.9865,0.9931,0.9653
5,1,weak-MLP,arm2,0.5,3,30,0.9,0.9474,0.1034
5,1,weak-MLP,arm2,0.1,global,184,0.6576,0.7605,0.8449
5,1,weak-MLP,arm2,0.1,0,101,0.9307,0.9634,0.9696
5,1,weak-MLP,arm2,0.1,1,15,0.4,0.3077,0.6923
5,1,weak-MLP,arm2,0.1,2,7,1.0,1.0,1.0
5,1,weak-MLP,arm2,0.1,3,61,0.2295,0.0,nan
5,1,weak-MLP,arm2,natural,global,184,0.6576,0.7605,0.8449
5,1,weak-MLP,arm2,natural,0,50,0.58,0.6441,0.8583
5,1,weak-MLP,arm2,natural,1,65,0.6154,0.6988,0.8629
5,1,weak-MLP,arm2,natural,2,26,0.9231,0.96,0.7292
5,1,weak-MLP,arm2,natural,3,43,0.6512,0.7887,0.7024
5,2,weak-MLP,arm2,100,global,184,0.663,0.7559,0.7519
5,2,weak-MLP,arm2,100,0,56,0.7321,0.8,0.8274
5,2,weak-MLP,arm2,100,1,39,0.641,0.75,0.7143
5,2,weak-MLP,arm2,100,2,43,0.7674,0.8387,0.7037
5,2,weak-MLP,arm2,100,3,46,0.5,0.623,0.781
5,2,weak-MLP,arm2,1.0,global,184,0.663,0.7559,0.7519
5,2,weak-MLP,arm2,1.0,0,38,0.8947,0.9444,0.7838
5,2,weak-MLP,arm2,1.0,1,83,0.6024,0.6374,0.8263
5,2,weak-MLP,arm2,1.0,2,49,0.5714,0.6866,0.7283
5,2,weak-MLP,arm2,1.0,3,14,0.7143,0.8333,0.75
5,2,weak-MLP,arm2,0.5,global,184,0.663,0.7559,0.7519
5,2,weak-MLP,arm2,0.5,0,7,0.7143,0.5,1.0
5,2,weak-MLP,arm2,0.5,1,74,0.2973,0.0,nan
5,2,weak-MLP,arm2,0.5,2,77,0.9481,0.9733,nan
5,2,weak-MLP,arm2,0.5,3,26,0.8462,0.9167,0.8333
5,2,weak-MLP,arm2,0.1,global,184,0.663,0.7559,0.7519
5,2,weak-MLP,arm2,0.1,0,98,0.9082,0.9508,0.8315
5,2,weak-MLP,arm2,0.1,1,17,0.2941,0.25,0.7333
5,2,weak-MLP,arm2,0.1,2,8,0.875,0.9333,nan
5,2,weak-MLP,arm2,0.1,3,61,0.3443,0.0,nan
5,2,weak-MLP,arm2,natural,global,184,0.663,0.7559,0.7519
5,2,weak-MLP,arm2,natural,0,57,0.6491,0.7297,0.7311
5,2,weak-MLP,arm2,natural,1,67,0.5522,0.5946,0.7939
5,2,weak-MLP,arm2,natural,2,23,0.913,0.9545,0.5952
5,2,weak-MLP,arm2,natural,3,37,0.7297,0.8387,0.7692
5,3,weak-MLP,arm2,100,global,184,0.6359,0.7433,0.8038
5,3,weak-MLP,arm2,100,0,47,0.6383,0.7213,0.8225
5,3,weak-MLP,arm2,100,1,55,0.5818,0.7089,0.7666
5,3,weak-MLP,arm2,100,2,51,0.6667,0.7733,0.7919
5,3,weak-MLP,arm2,100,3,31,0.6774,0.7826,0.859
5,3,weak-MLP,arm2,1.0,global,184,0.6359,0.7433,0.8038
5,3,weak-MLP,arm2,1.0,0,42,0.9524,0.975,0.65
5,3,weak-MLP,arm2,1.0,1,83,0.3855,0.4,0.8171
5,3,weak-MLP,arm2,1.0,2,49,0.7347,0.8312,0.8163
5,3,weak-MLP,arm2,1.0,3,10,0.9,0.9474,0.8889
5,3,weak-MLP,arm2,0.5,global,184,0.6359,0.7433,0.8038
5,3,weak-MLP,arm2,0.5,0,8,0.5,0.0,nan
5,3,weak-MLP,arm2,0.5,1,74,0.2162,0.0,nan
5,3,weak-MLP,arm2,0.5,2,81,0.9506,0.9747,nan
5,3,weak-MLP,arm2,0.5,3,21,0.9524,0.9756,nan
5,3,weak-MLP,arm2,0.1,global,184,0.6359,0.7433,0.8038
5,3,weak-MLP,arm2,0.1,0,101,0.9406,0.9688,0.9626
5,3,weak-MLP,arm2,0.1,1,26,0.3462,0.0,nan
5,3,weak-MLP,arm2,0.1,2,3,1.0,1.0,nan
5,3,weak-MLP,arm2,0.1,3,54,0.1852,0.0435,0.7358
5,3,weak-MLP,arm2,natural,global,184,0.6359,0.7433,0.8038
5,3,weak-MLP,arm2,natural,0,67,0.597,0.6824,0.8109
5,3,weak-MLP,arm2,natural,1,49,0.4286,0.4615,0.8291
5,3,weak-MLP,arm2,natural,2,27,0.8889,0.9412,0.76
5,3,weak-MLP,arm2,natural,3,41,0.7805,0.8767,0.5947
5,4,weak-MLP,arm2,100,global,184,0.663,0.75,0.7209
5,4,weak-MLP,arm2,100,0,40,0.675,0.7451,0.7506
5,4,weak-MLP,arm2,100,1,40,0.775,0.8364,0.7627
5,4,weak-MLP,arm2,100,2,58,0.6207,0.725,0.6786
5,4,weak-MLP,arm2,100,3,46,0.6087,0.7097,0.6998
5,4,weak-MLP,arm2,1.0,global,184,0.663,0.75,0.7209
5,4,weak-MLP,arm2,1.0,0,29,1.0,1.0,1.0
5,4,weak-MLP,arm2,1.0,1,75,0.4267,0.3768,0.678
5,4,weak-MLP,arm2,1.0,2,68,0.7941,0.8679,0.76
5,4,weak-MLP,arm2,1.0,3,12,0.5833,0.7059,0.6562
5,4,weak-MLP,arm2,0.5,global,184,0.663,0.75,0.7209
5,4,weak-MLP,arm2,0.5,0,11,0.4545,0.0,nan
5,4,weak-MLP,arm2,0.5,1,69,0.3333,0.0,nan
5,4,weak-MLP,arm2,0.5,2,73,0.9452,0.9718,nan
5,4,weak-MLP,arm2,0.5,3,31,0.8065,0.8889,0.8103
5,4,weak-MLP,arm2,0.1,global,184,0.663,0.75,0.7209
5,4,weak-MLP,arm2,0.1,0,102,0.8627,0.9239,0.7573
5,4,weak-MLP,arm2,0.1,1,22,0.5455,0.4444,0.7361
5,4,weak-MLP,arm2,0.1,2,4,1.0,1.0,nan
5,4,weak-MLP,arm2,0.1,3,56,0.3214,0.0,nan
5,4,weak-MLP,arm2,natural,global,184,0.663,0.75,0.7209
5,4,weak-MLP,arm2,natural,0,72,0.6667,0.7273,0.7166
5,4,weak-MLP,arm2,natural,1,56,0.4821,0.4912,0.6802
5,4,weak-MLP,arm2,natural,2,23,0.913,0.9545,0.5
5,4,weak-MLP,arm2,natural,3,33,0.7879,0.8814,0.4945
6,0,weak-MLP,arm2,100,global,184,0.5707,0.7041,0.5635
6,0,weak-MLP,arm2,100,0,49,0.3878,0.5161,0.3925
6,0,weak-MLP,arm2,100,1,55,0.6545,0.7711,0.6377
6,0,weak-MLP,arm2,100,2,34,0.6471,0.7692,0.5909
6,0,weak-MLP,arm2,100,3,46,0.6087,0.7429,0.6448
6,0,weak-MLP,arm2,1.0,global,184,0.5707,0.7041,0.5635
6,0,weak-MLP,arm2,1.0,0,6,0.5,0.5714,0.625
6,0,weak-MLP,arm2,1.0,1,76,0.1974,0.1867,0.4561
6,0,weak-MLP,arm2,1.0,2,66,0.8636,0.9244,0.5263
6,0,weak-MLP,arm2,1.0,3,36,0.8333,0.9091,0.697
6,0,weak-MLP,arm2,0.5,global,184,0.5707,0.7041,0.5635
6,0,weak-MLP,arm2,0.5,0,61,0.4098,0.55,0.4256
6,0,weak-MLP,arm2,0.5,1,82,0.8171,0.8936,0.6925
6,0,weak-MLP,arm2,0.5,2,32,0.2188,0.1935,0.7931
6,0,weak-MLP,arm2,0.5,3,9,0.6667,0.8,0.5
6,0,weak-MLP,arm2,0.1,global,184,0.5707,0.7041,0.5635
6,0,weak-MLP,arm2,0.1,0,22,0.1818,0.0,nan
6,0,weak-MLP,arm2,0.1,1,129,0.5581,0.6952,0.5865
6,0,weak-MLP,arm2,0.1,2,3,0.6667,0.8,0.5
6,0,weak-MLP,arm2,0.1,3,30,0.9,0.9474,nan
6,0,weak-MLP,arm2,natural,global,184,0.5707,0.7041,0.5635
6,0,weak-MLP,arm2,natural,0,59,0.5424,0.64,0.554
6,0,weak-MLP,arm2,natural,1,57,0.3509,0.4789,0.5741
6,0,weak-MLP,arm2,natural,2,28,0.8214,0.902,0.375
6,0,weak-MLP,arm2,natural,3,40,0.75,0.8571,0.54
6,1,weak-MLP,arm2,100,global,184,0.6087,0.7313,0.583
6,1,weak-MLP,arm2,100,0,48,0.6042,0.7164,0.6441
6,1,weak-MLP,arm2,100,1,46,0.6087,0.7188,0.6635
6,1,weak-MLP,arm2,100,2,44,0.5909,0.7273,0.4146
6,1,weak-MLP,arm2,100,3,46,0.6304,0.7606,0.5893
6,1,weak-MLP,arm2,1.0,global,184,0.6087,0.7313,0.583
6,1,weak-MLP,arm2,1.0,0,6,0.5,0.6667,1.0
6,1,weak-MLP,arm2,1.0,1,75,0.32,0.2817,0.5477
6,1,weak-MLP,arm2,1.0,2,62,0.8226,0.9027,0.5255
6,1,weak-MLP,arm2,1.0,3,41,0.8293,0.9067,0.5476
6,1,weak-MLP,arm2,0.5,global,184,0.6087,0.7313,0.583
6,1,weak-MLP,arm2,0.5,0,49,0.551,0.6667,0.6423
6,1,weak-MLP,arm2,0.5,1,84,0.8333,0.9028,0.7275
6,1,weak-MLP,arm2,0.5,2,46,0.2391,0.2857,0.4542
6,1,weak-MLP,arm2,0.5,3,5,0.8,0.8889,0.75
6,1,weak-MLP,arm2,0.1,global,184,0.6087,0.7313,0.583
6,1,weak-MLP,arm2,0.1,0,13,0.3077,0.0,nan
6,1,weak-MLP,arm2,0.1,1,140,0.5571,0.6869,0.5962
6,1,weak-MLP,arm2,0.1,2,4,1.0,1.0,nan
6,1,weak-MLP,arm2,0.1,3,27,0.963,0.9811,nan
6,1,weak-MLP,arm2,natural,global,184,0.6087,0.7313,0.583
6,1,weak-MLP,arm2,natural,0,55,0.4545,0.5455,0.5814
6,1,weak-MLP,arm2,natural,1,63,0.5556,0.6667,0.5828
6,1,weak-MLP,arm2,natural,2,19,0.8947,0.9444,0.3235
6,1,weak-MLP,arm2,natural,3,47,0.7447,0.8537,0.5417
6,2,weak-MLP,arm2,100,global,184,0.6141,0.7321,0.5843
6,2,weak-MLP,arm2,100,0,42,0.5476,0.6545,0.5125
6,2,weak-MLP,arm2,100,1,44,0.6591,0.7761,0.5769
6,2,weak-MLP,arm2,100,2,46,0.6087,0.7273,0.7784
6,2,weak-MLP,arm2,100,3,52,0.6346,0.7532,0.5161
6,2,weak-MLP,arm2,1.0,global,184,0.6141,0.7321,0.5843
6,2,weak-MLP,arm2,1.0,0,4,0.25,0.4,0.6667
6,2,weak-MLP,arm2,1.0,1,84,0.369,0.3908,0.5665
6,2,weak-MLP,arm2,1.0,2,58,0.8793,0.9333,0.6863
6,2,weak-MLP,arm2,1.0,3,38,0.7895,0.8824,0.3073
6,2,weak-MLP,arm2,0.5,global,184,0.6141,0.7321,0.5843
6,2,weak-MLP,arm2,0.5,0,50,0.56,0.6667,0.5162
6,2,weak-MLP,arm2,0.5,1,78,0.8333,0.9065,0.7286
6,2,weak-MLP,arm2,0.5,2,49,0.2857,0.2553,0.5068
6,2,weak-MLP,arm2,0.5,3,7,0.8571,0.9231,0.0
6,2,weak-MLP,arm2,0.1,global,184,0.6141,0.7321,0.5843
6,2,weak-MLP,arm2,0.1,0,13,0.0769,0.0,nan
6,2,weak-MLP,arm2,0.1,1,133,0.5789,0.6889,0.5925
6,2,weak-MLP,arm2,0.1,2,8,0.875,0.9333,nan
6,2,weak-MLP,arm2,0.1,3,30,0.9333,0.9655,0.0
6,2,weak-MLP,arm2,natural,global,184,0.6141,0.7321,0.5843
6,2,weak-MLP,arm2,natural,0,64,0.5469,0.6506,0.5455
6,2,weak-MLP,arm2,natural,1,52,0.4038,0.4746,0.625
6,2,weak-MLP,arm2,natural,2,26,0.8846,0.9388,nan
6,2,weak-MLP,arm2,natural,3,42,0.8095,0.8919,0.4579
6,3,weak-MLP,arm2,100,global,184,0.6087,0.7333,0.5735
6,3,weak-MLP,arm2,100,0,51,0.5686,0.7027,0.6292
6,3,weak-MLP,arm2,100,1,44,0.7045,0.7937,0.6296
6,3,weak-MLP,arm2,100,2,48,0.5833,0.7297,0.5485
6,3,weak-MLP,arm2,100,3,41,0.5854,0.7119,0.488
6,3,weak-MLP,arm2,1.0,global,184,0.6087,0.7333,0.5735
6,3,weak-MLP,arm2,1.0,0,5,0.6,0.75,1.0
6,3,weak-MLP,arm2,1.0,1,75,0.2667,0.2667,0.68
6,3,weak-MLP,arm2,1.0,2,69,0.8406,0.9134,0.263
6,3,weak-MLP,arm2,1.0,3,35,0.8857,0.9333,0.8218
6,3,weak-MLP,arm2,0.5,global,184,0.6087,0.7333,0.5735
6,3,weak-MLP,arm2,0.5,0,57,0.5439,0.6667,0.5877
6,3,weak-MLP,arm2,0.5,1,75,0.8667,0.9242,0.7024
6,3,weak-MLP,arm2,0.5,2,41,0.1707,0.1905,0.4189
6,3,weak-MLP,arm2,0.5,3,11,0.8182,0.8889,0.8333
6,3,weak-MLP,arm2,0.1,global,184,0.6087,0.7333,0.5735
6,3,weak-MLP,arm2,0.1,0,19,0.0526,0.0,nan
6,3,weak-MLP,arm2,0.1,1,128,0.5781,0.6966,0.6115
6,3,weak-MLP,arm2,0.1,2,2,1.0,1.0,nan
6,3,weak-MLP,arm2,0.1,3,35,1.0,1.0,nan
6,3,weak-MLP,arm2,natural,global,184,0.6087,0.7333,0.5735
6,3,weak-MLP,arm2,natural,0,63,0.619,0.7073,0.5899
6,3,weak-MLP,arm2,natural,1,55,0.3818,0.5143,0.5811
6,3,weak-MLP,arm2,natural,2,29,0.8966,0.9455,0.4286
6,3,weak-MLP,arm2,natural,3,37,0.7027,0.8254,0.6399
6,4,weak-MLP,arm2,100,global,184,0.6141,0.7341,0.6489
6,4,weak-MLP,arm2,100,0,46,0.5217,0.6333,0.6212
6,4,weak-MLP,arm2,100,1,46,0.6739,0.7826,0.5734
6,4,weak-MLP,arm2,100,2,41,0.6585,0.7812,0.6349
6,4,weak-MLP,arm2,100,3,51,0.6078,0.7297,0.7546
6,4,weak-MLP,arm2,1.0,global,184,0.6141,0.7341,0.6489
6,4,weak-MLP,arm2,1.0,0,6,0.3333,0.5,1.0
6,4,weak-MLP,arm2,1.0,1,71,0.2958,0.2424,0.621
6,4,weak-MLP,arm2,1.0,2,67,0.8358,0.9091,0.589
6,4,weak-MLP,arm2,1.0,3,40,0.85,0.9167,0.671
6,4,weak-MLP,arm2,0.5,global,184,0.6141,0.7341,0.6489
6,4,weak-MLP,arm2,0.5,0,61,0.5902,0.6914,0.597
6,4,weak-MLP,arm2,0.5,1,69,0.7971,0.8852,0.633
6,4,weak-MLP,arm2,0.5,2,40,0.275,0.2927,0.5882
6,4,weak-MLP,arm2,0.5,3,14,0.7857,0.8696,0.85
6,4,weak-MLP,arm2,0.1,global,184,0.6141,0.7341,0.6489
6,4,weak-MLP,arm2,0.1,0,20,0.3,0.0,nan
6,4,weak-MLP,arm2,0.1,1,116,0.5259,0.6541,0.6319
6,4,weak-MLP,arm2,0.1,2,9,0.8889,0.9412,0.75
6,4,weak-MLP,arm2,0.1,3,39,0.9744,0.987,nan
6,4,weak-MLP,arm2,natural,global,184,0.6141,0.7341,0.6489
6,4,weak-MLP,arm2,natural,0,62,0.6935,0.7654,0.7179
6,4,weak-MLP,arm2,natural,1,67,0.3881,0.5287,0.6376
6,4,weak-MLP,arm2,natural,2,21,0.9524,0.9756,0.5
6,4,weak-MLP,arm2,natural,3,34,0.7059,0.8276,0.5511
7,0,weak-MLP,arm2,100,global,184,0.5489,0.7088,0.6858
7,0,weak-MLP,arm2,100,0,57,0.5965,0.7473,0.766
7,0,weak-MLP,arm2,100,1,51,0.5882,0.7407,0.7794
7,0,weak-MLP,arm2,100,2,33,0.5455,0.7059,0.4741
7,0,weak-MLP,arm2,100,3,43,0.4419,0.6129,0.6184
7,0,weak-MLP,arm2,1.0,global,184,0.5489,0.7088,0.6858
7,0,weak-MLP,arm2,1.0,0,21,0.1429,0.25,0.6852
7,0,weak-MLP,arm2,1.0,1,38,0.7632,0.8657,0.7433
7,0,weak-MLP,arm2,1.0,2,105,0.5333,0.6957,0.6895
7,0,weak-MLP,arm2,1.0,3,20,0.65,0.7879,0.5385
7,0,weak-MLP,arm2,0.5,global,184,0.5489,0.7088,0.6858
7,0,weak-MLP,arm2,0.5,0,37,0.6757,0.8065,0.7533
7,0,weak-MLP,arm2,0.5,1,99,0.6465,0.7853,0.6911
7,0,weak-MLP,arm2,0.5,2,31,0.0,0.0,nan
7,0,weak-MLP,arm2,0.5,3,17,0.7059,0.8276,0.5833
7,0,weak-MLP,arm2,0.1,global,184,0.5489,0.7088,0.6858
7,0,weak-MLP,arm2,0.1,0,24,0.0,0.0,nan
7,0,weak-MLP,arm2,0.1,1,9,1.0,1.0,nan
7,0,weak-MLP,arm2,0.1,2,8,1.0,1.0,nan
7,0,weak-MLP,arm2,0.1,3,143,0.5874,0.7401,0.6778
7,0,weak-MLP,arm2,natural,global,184,0.5489,0.7088,0.6858
7,0,weak-MLP,arm2,natural,0,57,0.4386,0.6098,0.7113
7,0,weak-MLP,arm2,natural,1,60,0.3667,0.5366,0.8122
7,0,weak-MLP,arm2,natural,2,26,0.9615,0.9804,0.8
7,0,weak-MLP,arm2,natural,3,41,0.7073,0.8286,0.5517
7,1,weak-MLP,arm2,100,global,184,0.5543,0.7133,0.7251
7,1,weak-MLP,arm2,100,0,55,0.6545,0.7912,0.6827
7,1,weak-MLP,arm2,100,1,36,0.4444,0.6154,0.7156
7,1,weak-MLP,arm2,100,2,46,0.587,0.7397,0.6745
7,1,weak-MLP,arm2,100,3,47,0.4894,0.6571,0.7862
7,1,weak-MLP,arm2,1.0,global,184,0.5543,0.7133,0.7251
7,1,weak-MLP,arm2,1.0,0,29,0.3448,0.5128,0.5842
7,1,weak-MLP,arm2,1.0,1,28,0.8214,0.902,0.7478
7,1,weak-MLP,arm2,1.0,2,105,0.5333,0.6957,0.719
7,1,weak-MLP,arm2,1.0,3,22,0.5909,0.7429,0.8632
7,1,weak-MLP,arm2,0.5,global,184,0.5543,0.7133,0.7251
7,1,weak-MLP,arm2,0.5,0,44,0.7273,0.8421,0.7344
7,1,weak-MLP,arm2,0.5,1,93,0.6344,0.7763,0.674
7,1,weak-MLP,arm2,0.5,2,30,0.0,0.0,nan
7,1,weak-MLP,arm2,0.5,3,17,0.6471,0.7857,0.8939
7,1,weak-MLP,arm2,0.1,global,184,0.5543,0.7133,0.7251
7,1,weak-MLP,arm2,0.1,0,20,0.1,0.1818,0.5278
7,1,weak-MLP,arm2,0.1,1,9,1.0,1.0,nan
7,1,weak-MLP,arm2,0.1,2,8,1.0,1.0,nan
7,1,weak-MLP,arm2,0.1,3,147,0.5646,0.7217,0.7707
7,1,weak-MLP,arm2,natural,global,184,0.5543,0.7133,0.7251
7,1,weak-MLP,arm2,natural,0,69,0.4348,0.6061,0.7017
7,1,weak-MLP,arm2,natural,1,58,0.3621,0.5316,0.7967
7,1,weak-MLP,arm2,natural,2,21,0.9524,0.9756,0.8
7,1,weak-MLP,arm2,natural,3,36,0.8611,0.9254,0.671
7,2,weak-MLP,arm2,100,global,184,0.5543,0.7133,0.6977
7,2,weak-MLP,arm2,100,0,40,0.525,0.6885,0.8321
7,2,weak-MLP,arm2,100,1,40,0.45,0.6207,0.702
7,2,weak-MLP,arm2,100,2,53,0.6226,0.7674,0.6515
7,2,weak-MLP,arm2,100,3,51,0.5882,0.7407,0.6048
7,2,weak-MLP,arm2,1.0,global,184,0.5543,0.7133,0.6977
7,2,weak-MLP,arm2,1.0,0,21,0.1905,0.32,0.8382
7,2,weak-MLP,arm2,1.0,1,24,0.7083,0.8293,0.7731
7,2,weak-MLP,arm2,1.0,2,118,0.5424,0.7033,0.6852
7,2,weak-MLP,arm2,1.0,3,21,0.8095,0.8947,0.6324
7,2,weak-MLP,arm2,0.5,global,184,0.5543,0.7133,0.6977
7,2,weak-MLP,arm2,0.5,0,33,0.5152,0.68,0.8015
7,2,weak-MLP,arm2,0.5,1,95,0.7158,0.8344,0.7168
7,2,weak-MLP,arm2,0.5,2,37,0.027,0.0526,0.8611
7,2,weak-MLP,arm2,0.5,3,19,0.8421,0.9143,0.6667
7,2,weak-MLP,arm2,0.1,global,184,0.5543,0.7133,0.6977
7,2,weak-MLP,arm2,0.1,0,25,0.08,0.1481,0.7826
7,2,weak-MLP,arm2,0.1,1,17,1.0,1.0,nan
7,2,weak-MLP,arm2,0.1,2,5,1.0,1.0,nan
7,2,weak-MLP,arm2,0.1,3,137,0.5693,0.7256,0.7019
7,2,weak-MLP,arm2,natural,global,184,0.5543,0.7133,0.6977
7,2,weak-MLP,arm2,natural,0,60,0.45,0.6207,0.7194
7,2,weak-MLP,arm2,natural,1,56,0.3571,0.5263,0.7306
7,2,weak-MLP,arm2,natural,2,30,0.9667,0.9831,1.0
7,2,weak-MLP,arm2,natural,3,38,0.6842,0.8125,0.7612
7,3,weak-MLP,arm2,100,global,184,0.5543,0.7133,0.7111
7,3,weak-MLP,arm2,100,0,39,0.4615,0.6316,0.5979
7,3,weak-MLP,arm2,100,1,48,0.4583,0.6286,0.7491
7,3,weak-MLP,arm2,100,2,39,0.641,0.7812,0.6914
7,3,weak-MLP,arm2,100,3,58,0.6379,0.7789,0.7967
7,3,weak-MLP,arm2,1.0,global,184,0.5543,0.7133,0.7111
7,3,weak-MLP,arm2,1.0,0,20,0.25,0.4,0.7467
7,3,weak-MLP,arm2,1.0,1,30,0.6333,0.7755,0.5502
7,3,weak-MLP,arm2,1.0,2,107,0.5421,0.703,0.7155
7,3,weak-MLP,arm2,1.0,3,27,0.7407,0.8511,0.8
7,3,weak-MLP,arm2,0.5,global,184,0.5543,0.7133,0.7111
7,3,weak-MLP,arm2,0.5,0,27,0.5556,0.7143,0.7167
7,3,weak-MLP,arm2,0.5,1,108,0.6574,0.7933,0.6762
7,3,weak-MLP,arm2,0.5,2,27,0.0,0.0,nan
7,3,weak-MLP,arm2,0.5,3,22,0.7273,0.8421,0.7812
7,3,weak-MLP,arm2,0.1,global,184,0.5543,0.7133,0.7111
7,3,weak-MLP,arm2,0.1,0,24,0.0,0.0,nan
7,3,weak-MLP,arm2,0.1,1,16,1.0,1.0,nan
7,3,weak-MLP,arm2,0.1,2,8,1.0,1.0,nan
7,3,weak-MLP,arm2,0.1,3,136,0.5735,0.729,0.694
7,3,weak-MLP,arm2,natural,global,184,0.5543,0.7133,0.7111
7,3,weak-MLP,arm2,natural,0,51,0.451,0.6216,0.7376
7,3,weak-MLP,arm2,natural,1,61,0.3443,0.5122,0.6905
7,3,weak-MLP,arm2,natural,2,27,0.8519,0.92,0.5109
7,3,weak-MLP,arm2,natural,3,45,0.7778,0.875,0.7343
7,4,weak-MLP,arm2,100,global,184,0.5543,0.7133,0.6549
7,4,weak-MLP,arm2,100,0,39,0.7179,0.8358,0.6623
7,4,weak-MLP,arm2,100,1,48,0.625,0.7692,0.6574
7,4,weak-MLP,arm2,100,2,38,0.4474,0.6182,0.4902
7,4,weak-MLP,arm2,100,3,59,0.4576,0.6279,0.7269
7,4,weak-MLP,arm2,1.0,global,184,0.5543,0.7133,0.6549
7,4,weak-MLP,arm2,1.0,0,18,0.4444,0.6154,0.675
7,4,weak-MLP,arm2,1.0,1,34,0.8824,0.9375,0.7083
7,4,weak-MLP,arm2,1.0,2,104,0.4519,0.6225,0.6521
7,4,weak-MLP,arm2,1.0,3,28,0.6071,0.7556,0.6364
7,4,weak-MLP,arm2,0.5,global,184,0.5543,0.7133,0.6549
7,4,weak-MLP,arm2,0.5,0,30,0.7,0.8235,0.7302
7,4,weak-MLP,arm2,0.5,1,94,0.7128,0.8323,0.6415
7,4,weak-MLP,arm2,0.5,2,36,0.0,0.0,nan
7,4,weak-MLP,arm2,0.5,3,24,0.5833,0.7368,0.5857
7,4,weak-MLP,arm2,0.1,global,184,0.5543,0.7133,0.6549
7,4,weak-MLP,arm2,0.1,0,22,0.0455,0.087,1.0
7,4,weak-MLP,arm2,0.1,1,16,1.0,1.0,nan
7,4,weak-MLP,arm2,0.1,2,9,1.0,1.0,nan
7,4,weak-MLP,arm2,0.1,3,137,0.5547,0.7136,0.639
7,4,weak-MLP,arm2,natural,global,184,0.5543,0.7133,0.6549
7,4,weak-MLP,arm2,natural,0,66,0.5152,0.68,0.6149
7,4,weak-MLP,arm2,natural,1,59,0.3729,0.5432,0.8084
7,4,weak-MLP,arm2,natural,2,19,0.9474,0.973,0.7778
7,4,weak-MLP,arm2,natural,3,40,0.7,0.8235,0.5119
8,0,weak-MLP,arm2,100,global,184,0.5489,0.7088,0.768
8,0,weak-MLP,arm2,100,0,35,0.4857,0.6538,0.7222
8,0,weak-MLP,arm2,100,1,52,0.6923,0.8182,0.8333
8,0,weak-MLP,arm2,100,2,49,0.5102,0.6757,0.7867
8,0,weak-MLP,arm2,100,3,48,0.4792,0.6479,0.7043
8,0,weak-MLP,arm2,1.0,global,184,0.5489,0.7088,0.768
8,0,weak-MLP,arm2,1.0,0,41,0.439,0.6102,0.7609
8,0,weak-MLP,arm2,1.0,1,9,0.7778,0.875,0.5714
8,0,weak-MLP,arm2,1.0,2,94,0.4894,0.6571,0.8175
8,0,weak-MLP,arm2,1.0,3,40,0.75,0.8571,0.6933
8,0,weak-MLP,arm2,0.5,global,184,0.5489,0.7088,0.768
8,0,weak-MLP,arm2,0.5,0,22,0.4545,0.625,0.7333
8,0,weak-MLP,arm2,0.5,1,3,1.0,1.0,nan
8,0,weak-MLP,arm2,0.5,2,115,0.7043,0.8265,0.805
8,0,weak-MLP,arm2,0.5,3,44,0.1591,0.2745,0.7606
8,0,weak-MLP,arm2,0.1,global,184,0.5489,0.7088,0.768
8,0,weak-MLP,arm2,0.1,0,69,1.0,1.0,nan
8,0,weak-MLP,arm2,0.1,1,83,0.0,0.0,nan
8,0,weak-MLP,arm2,0.1,2,23,1.0,1.0,nan
8,0,weak-MLP,arm2,0.1,3,9,1.0,1.0,nan
8,0,weak-MLP,arm2,natural,global,184,0.5489,0.7088,0.768
8,0,weak-MLP,arm2,natural,0,60,0.45,0.6207,0.7845
8,0,weak-MLP,arm2,natural,1,58,0.3793,0.55,0.7639
8,0,weak-MLP,arm2,natural,2,25,0.92,0.9583,0.6087
8,0,weak-MLP,arm2,natural,3,41,0.7073,0.8286,0.7557
8,1,weak-MLP,arm2,100,global,184,0.5543,0.7133,0.7758
8,1,weak-MLP,arm2,100,0,48,0.4792,0.6479,0.7252
8,1,weak-MLP,arm2,100,1,49,0.7143,0.8333,0.6959
8,1,weak-MLP,arm2,100,2,41,0.4634,0.6333,0.8062
8,1,weak-MLP,arm2,100,3,46,0.5435,0.7042,0.8629
8,1,weak-MLP,arm2,1.0,global,184,0.5543,0.7133,0.7758
8,1,weak-MLP,arm2,1.0,0,51,0.4118,0.5833,0.7095
8,1,weak-MLP,arm2,1.0,1,13,1.0,1.0,nan
8,1,weak-MLP,arm2,1.0,2,84,0.4643,0.6341,0.7829
8,1,weak-MLP,arm2,1.0,3,36,0.8056,0.8923,0.936
8,1,weak-MLP,arm2,0.5,global,184,0.5543,0.7133,0.7758
8,1,weak-MLP,arm2,0.5,0,28,0.3214,0.4865,0.8538
8,1,weak-MLP,arm2,0.5,1,9,0.8889,0.9412,0.5
8,1,weak-MLP,arm2,0.5,2,103,0.7184,0.8362,0.7307
8,1,weak-MLP,arm2,0.5,3,44,0.25,0.4,0.843
8,1,weak-MLP,arm2,0.1,global,184,0.5543,0.7133,0.7758
8,1,weak-MLP,arm2,0.1,0,67,1.0,1.0,nan
8,1,weak-MLP,arm2,0.1,1,82,0.0,0.0,nan
8,1,weak-MLP,arm2,0.1,2,26,1.0,1.0,nan
8,1,weak-MLP,arm2,0.1,3,9,1.0,1.0,nan
8,1,weak-MLP,arm2,natural,global,184,0.5543,0.7133,0.7758
8,1,weak-MLP,arm2,natural,0,57,0.5439,0.7045,0.7841
8,1,weak-MLP,arm2,natural,1,64,0.2969,0.4578,0.7158
8,1,weak-MLP,arm2,natural,2,24,0.9167,0.9565,0.7955
8,1,weak-MLP,arm2,natural,3,39,0.7692,0.8696,0.5704
8,2,weak-MLP,arm2,100,global,184,0.5543,0.7133,0.6895
8,2,weak-MLP,arm2,100,0,46,0.5,0.6667,0.6786
8,2,weak-MLP,arm2,100,1,45,0.6,0.75,0.7181
8,2,weak-MLP,arm2,100,2,51,0.5098,0.6753,0.7308
8,2,weak-MLP,arm2,100,3,42,0.619,0.7647,0.6346
8,2,weak-MLP,arm2,1.0,global,184,0.5543,0.7133,0.6895
8,2,weak-MLP,arm2,1.0,0,43,0.3256,0.4912,0.697
8,2,weak-MLP,arm2,1.0,1,10,0.9,0.9474,0.7778
8,2,weak-MLP,arm2,1.0,2,94,0.5213,0.6853,0.7483
8,2,weak-MLP,arm2,1.0,3,37,0.8108,0.8955,0.5524
8,2,weak-MLP,arm2,0.5,global,184,0.5543,0.7133,0.6895
8,2,weak-MLP,arm2,0.5,0,30,0.5333,0.6957,0.5982
8,2,weak-MLP,arm2,0.5,1,10,0.6,0.75,0.875
8,2,weak-MLP,arm2,0.5,2,108,0.6574,0.7933,0.7457
8,2,weak-MLP,arm2,0.5,3,36,0.25,0.4,0.5391
8,2,weak-MLP,arm2,0.1,global,184,0.5543,0.7133,0.6895
8,2,weak-MLP,arm2,0.1,0,60,1.0,1.0,nan
8,2,weak-MLP,arm2,0.1,1,82,0.0,0.0,nan
8,2,weak-MLP,arm2,0.1,2,27,1.0,1.0,nan
8,2,weak-MLP,arm2,0.1,3,15,1.0,1.0,nan
8,2,weak-MLP,arm2,natural,global,184,0.5543,0.7133,0.6895
8,2,weak-MLP,arm2,natural,0,69,0.4058,0.5773,0.7334
8,2,weak-MLP,arm2,natural,1,58,0.431,0.6024,0.7042
8,2,weak-MLP,arm2,natural,2,21,0.9048,0.95,0.0789
8,2,weak-MLP,arm2,natural,3,36,0.8333,0.9091,0.7889
8,3,weak-MLP,arm2,100,global,184,0.5543,0.7133,0.7141
8,3,weak-MLP,arm2,100,0,46,0.5435,0.7042,0.8933
8,3,weak-MLP,arm2,100,1,44,0.5227,0.6866,0.6335
8,3,weak-MLP,arm2,100,2,47,0.5957,0.7467,0.6222
8,3,weak-MLP,arm2,100,3,47,0.5532,0.7123,0.7161
8,3,weak-MLP,arm2,1.0,global,184,0.5543,0.7133,0.7141
8,3,weak-MLP,arm2,1.0,0,44,0.3636,0.5333,0.8237
8,3,weak-MLP,arm2,1.0,1,10,1.0,1.0,nan
8,3,weak-MLP,arm2,1.0,2,76,0.4737,0.6429,0.6715
8,3,weak-MLP,arm2,1.0,3,54,0.7407,0.8511,0.6607
8,3,weak-MLP,arm2,0.5,global,184,0.5543,0.7133,0.7141
8,3,weak-MLP,arm2,0.5,0,26,0.4231,0.5946,0.6545
8,3,weak-MLP,arm2,0.5,1,7,0.5714,0.7273,0.6667
8,3,weak-MLP,arm2,0.5,2,108,0.6852,0.8132,0.7174
8,3,weak-MLP,arm2,0.5,3,43,0.3023,0.4643,0.5974
8,3,weak-MLP,arm2,0.1,global,184,0.5543,0.7133,0.7141
8,3,weak-MLP,arm2,0.1,0,65,1.0,1.0,nan
8,3,weak-MLP,arm2,0.1,1,81,0.0,0.0,nan
8,3,weak-MLP,arm2,0.1,2,20,1.0,1.0,nan
8,3,weak-MLP,arm2,0.1,3,18,0.9444,0.9714,1.0
8,3,weak-MLP,arm2,natural,global,184,0.5543,0.7133,0.7141
8,3,weak-MLP,arm2,natural,0,59,0.4407,0.6118,0.6795
8,3,weak-MLP,arm2,natural,1,61,0.377,0.5476,0.7494
8,3,weak-MLP,arm2,natural,2,22,0.9545,0.9767,0.5238
8,3,weak-MLP,arm2,natural,3,42,0.7619,0.8649,0.6688
8,4,weak-MLP,arm2,100,global,184,0.5543,0.7133,0.7419
8,4,weak-MLP,arm2,100,0,39,0.641,0.7812,0.6629
8,4,weak-MLP,arm2,100,1,46,0.5652,0.7222,0.7308
8,4,weak-MLP,arm2,100,2,54,0.5185,0.6829,0.7665
8,4,weak-MLP,arm2,100,3,45,0.5111,0.6765,0.7747
8,4,weak-MLP,arm2,1.0,global,184,0.5543,0.7133,0.7419
8,4,weak-MLP,arm2,1.0,0,35,0.4286,0.6,0.7167
8,4,weak-MLP,arm2,1.0,1,11,0.8182,0.9,1.0
8,4,weak-MLP,arm2,1.0,2,101,0.4653,0.6351,0.7072
8,4,weak-MLP,arm2,1.0,3,37,0.8378,0.9118,0.8871
8,4,weak-MLP,arm2,0.5,global,184,0.5543,0.7133,0.7419
8,4,weak-MLP,arm2,0.5,0,16,0.3125,0.4762,0.6182
8,4,weak-MLP,arm2,0.5,1,10,0.9,0.9474,0.1111
8,4,weak-MLP,arm2,0.5,2,115,0.687,0.8144,0.725
8,4,weak-MLP,arm2,0.5,3,43,0.2093,0.3462,0.7908
8,4,weak-MLP,arm2,0.1,global,184,0.5543,0.7133,0.7419
8,4,weak-MLP,arm2,0.1,0,63,1.0,1.0,nan
8,4,weak-MLP,arm2,0.1,1,82,0.0,0.0,nan
8,4,weak-MLP,arm2,0.1,2,23,1.0,1.0,nan
8,4,weak-MLP,arm2,0.1,3,16,1.0,1.0,nan
8,4,weak-MLP,arm2,natural,global,184,0.5543,0.7133,0.7419
8,4,weak-MLP,arm2,natural,0,58,0.4655,0.6353,0.7443
8,4,weak-MLP,arm2,natural,1,53,0.3208,0.4857,0.7876
8,4,weak-MLP,arm2,natural,2,31,0.9677,0.9836,0.9667
8,4,weak-MLP,arm2,natural,3,42,0.6667,0.8,0.5561
9,0,weak-MLP,arm2,100,global,184,0.5543,0.7071,0.8311
9,0,weak-MLP,arm2,100,0,58,0.5862,0.7333,0.9032
9,0,weak-MLP,arm2,100,1,29,0.3793,0.55,0.8636
9,0,weak-MLP,arm2,100,2,43,0.5814,0.7353,0.7467
9,0,weak-MLP,arm2,100,3,54,0.5926,0.7317,0.8079
9,0,weak-MLP,arm2,1.0,global,184,0.5543,0.7071,0.8311
9,0,weak-MLP,arm2,1.0,0,41,0.0488,0.0488,0.975
9,0,weak-MLP,arm2,1.0,1,23,0.3043,0.4667,0.7768
9,0,weak-MLP,arm2,1.0,2,52,0.9808,0.9903,nan
9,0,weak-MLP,arm2,1.0,3,68,0.6176,0.7547,0.8049
9,0,weak-MLP,arm2,0.5,global,184,0.5543,0.7071,0.8311
9,0,weak-MLP,arm2,0.5,0,6,1.0,1.0,nan
9,0,weak-MLP,arm2,0.5,1,33,0.7576,0.8621,0.835
9,0,weak-MLP,arm2,0.5,2,65,0.0308,0.0,nan
9,0,weak-MLP,arm2,0.5,3,80,0.8625,0.9252,0.7371
9,0,weak-MLP,arm2,0.1,global,184,0.5543,0.7071,0.8311
9,0,weak-MLP,arm2,0.1,0,76,0.2895,0.4375,0.8199
9,0,weak-MLP,arm2,0.1,1,6,1.0,1.0,nan
9,0,weak-MLP,arm2,0.1,2,88,0.8409,0.9114,0.9189
9,0,weak-MLP,arm2,0.1,3,14,0.0,0.0,nan
9,0,weak-MLP,arm2,natural,global,184,0.5543,0.7071,0.8311
9,0,weak-MLP,arm2,natural,0,64,0.4375,0.5814,0.8228
9,0,weak-MLP,arm2,natural,1,53,0.3585,0.5278,0.8932
9,0,weak-MLP,arm2,natural,2,25,0.88,0.9362,0.7273
9,0,weak-MLP,arm2,natural,3,42,0.7857,0.88,0.7374
9,1,weak-MLP,arm2,100,global,184,0.5489,0.7067,0.8219
9,1,weak-MLP,arm2,100,0,48,0.5208,0.6849,0.7867
9,1,weak-MLP,arm2,100,1,55,0.4364,0.5974,0.8573
9,1,weak-MLP,arm2,100,2,42,0.6429,0.7826,0.6684
9,1,weak-MLP,arm2,100,3,39,0.641,0.7812,0.94
9,1,weak-MLP,arm2,1.0,global,184,0.5489,0.7067,0.8219
9,1,weak-MLP,arm2,1.0,0,44,0.0455,0.0455,0.907
9,1,weak-MLP,arm2,1.0,1,27,0.2222,0.3636,0.8175
9,1,weak-MLP,arm2,1.0,2,63,0.9524,0.9756,0.9194
9,1,weak-MLP,arm2,1.0,3,50,0.66,0.7952,0.8663
9,1,weak-MLP,arm2,0.5,global,184,0.5489,0.7067,0.8219
9,1,weak-MLP,arm2,0.5,0,8,1.0,1.0,nan
9,1,weak-MLP,arm2,0.5,1,38,0.7895,0.8824,0.8333
9,1,weak-MLP,arm2,0.5,2,66,0.0152,0.0,nan
9,1,weak-MLP,arm2,0.5,3,72,0.8611,0.9254,0.8613
9,1,weak-MLP,arm2,0.1,global,184,0.5489,0.7067,0.8219
9,1,weak-MLP,arm2,0.1,0,68,0.2353,0.3659,0.774
9,1,weak-MLP,arm2,0.1,1,7,1.0,1.0,nan
9,1,weak-MLP,arm2,0.1,2,103,0.7573,0.8619,0.8244
9,1,weak-MLP,arm2,0.1,3,6,0.0,0.0,nan
9,1,weak-MLP,arm2,natural,global,184,0.5489,0.7067,0.8219
9,1,weak-MLP,arm2,natural,0,55,0.4727,0.6329,0.756
9,1,weak-MLP,arm2,natural,1,64,0.3281,0.4941,0.8323
9,1,weak-MLP,arm2,natural,2,26,0.9615,0.9804,0.96
9,1,weak-MLP,arm2,natural,3,39,0.7436,0.8529,0.763
9,2,weak-MLP,arm2,100,global,184,0.5761,0.7214,0.8166
9,2,weak-MLP,arm2,100,0,53,0.5849,0.7179,0.8586
9,2,weak-MLP,arm2,100,1,42,0.5714,0.7188,0.8261
9,2,weak-MLP,arm2,100,2,47,0.5745,0.7222,0.8095
9,2,weak-MLP,arm2,100,3,42,0.5714,0.7273,0.7765
9,2,weak-MLP,arm2,1.0,global,184,0.5761,0.7214,0.8166
9,2,weak-MLP,arm2,1.0,0,38,0.1053,0.0,nan
9,2,weak-MLP,arm2,1.0,1,31,0.3548,0.5,0.7762
9,2,weak-MLP,arm2,1.0,2,54,0.9815,0.9907,0.8302
9,2,weak-MLP,arm2,1.0,3,61,0.623,0.7677,0.796
9,2,weak-MLP,arm2,0.5,global,184,0.5761,0.7214,0.8166
9,2,weak-MLP,arm2,0.5,0,12,1.0,1.0,nan
9,2,weak-MLP,arm2,0.5,1,38,0.6053,0.7541,0.6551
9,2,weak-MLP,arm2,0.5,2,54,0.0741,0.0,nan
9,2,weak-MLP,arm2,0.5,3,80,0.8375,0.9103,0.8611
9,2,weak-MLP,arm2,0.1,global,184,0.5761,0.7214,0.8166
9,2,weak-MLP,arm2,0.1,0,72,0.3333,0.4894,0.7507
9,2,weak-MLP,arm2,0.1,1,7,1.0,1.0,nan
9,2,weak-MLP,arm2,0.1,2,88,0.8295,0.9045,0.895
9,2,weak-MLP,arm2,0.1,3,17,0.1176,0.0,nan
9,2,weak-MLP,arm2,natural,global,184,0.5761,0.7214,0.8166
9,2,weak-MLP,arm2,natural,0,57,0.5263,0.6667,0.8321
9,2,weak-MLP,arm2,natural,1,66,0.4394,0.5934,0.8224
9,2,weak-MLP,arm2,natural,2,21,0.9524,0.9756,0.55
9,2,weak-MLP,arm2,natural,3,40,0.675,0.806,0.6538
9,3,weak-MLP,arm2,100,global,184,0.5815,0.724,0.771
9,3,weak-MLP,arm2,100,0,47,0.5106,0.6667,0.8406
9,3,weak-MLP,arm2,100,1,43,0.6744,0.7941,0.781
9,3,weak-MLP,arm2,100,2,46,0.6739,0.7887,0.7956
9,3,weak-MLP,arm2,100,3,48,0.4792,0.6479,0.6557
9,3,weak-MLP,arm2,1.0,global,184,0.5815,0.724,0.771
9,3,weak-MLP,arm2,1.0,0,33,0.0909,0.0625,0.7188
9,3,weak-MLP,arm2,1.0,1,28,0.4643,0.5714,0.8
9,3,weak-MLP,arm2,1.0,2,59,0.9831,0.9915,nan
9,3,weak-MLP,arm2,1.0,3,64,0.5156,0.6737,0.6816
9,3,weak-MLP,arm2,0.5,global,184,0.5815,0.724,0.771
9,3,weak-MLP,arm2,0.5,0,7,1.0,1.0,nan
9,3,weak-MLP,arm2,0.5,1,26,0.7692,0.8636,0.8195
9,3,weak-MLP,arm2,0.5,2,64,0.0781,0.0,nan
9,3,weak-MLP,arm2,0.5,3,87,0.8621,0.9259,0.8254
9,3,weak-MLP,arm2,0.1,global,184,0.5815,0.724,0.771
9,3,weak-MLP,arm2,0.1,0,63,0.2222,0.2687,0.7366
9,3,weak-MLP,arm2,0.1,1,6,0.8333,0.9091,0.8
9,3,weak-MLP,arm2,0.1,2,105,0.8286,0.9062,0.7584
9,3,weak-MLP,arm2,0.1,3,10,0.1,0.0,nan
9,3,weak-MLP,arm2,natural,global,184,0.5815,0.724,0.771
9,3,weak-MLP,arm2,natural,0,68,0.5294,0.6596,0.6671
9,3,weak-MLP,arm2,natural,1,52,0.3846,0.5429,0.8628
9,3,weak-MLP,arm2,natural,2,26,0.8846,0.9388,0.8696
9,3,weak-MLP,arm2,natural,3,38,0.7368,0.8485,0.7214
9,4,weak-MLP,arm2,100,global,184,0.5652,0.7122,0.8002
9,4,weak-MLP,arm2,100,0,49,0.6122,0.7595,0.7188
9,4,weak-MLP,arm2,100,1,51,0.5294,0.6667,0.8596
9,4,weak-MLP,arm2,100,2,42,0.5,0.6667,0.8095
9,4,weak-MLP,arm2,100,3,42,0.619,0.75,0.8282
9,4,weak-MLP,arm2,1.0,global,184,0.5652,0.7122,0.8002
9,4,weak-MLP,arm2,1.0,0,38,0.1053,0.1053,0.9028
9,4,weak-MLP,arm2,1.0,1,33,0.2727,0.4,0.89
9,4,weak-MLP,arm2,1.0,2,63,0.9683,0.9839,nan
9,4,weak-MLP,arm2,1.0,3,50,0.6,0.7368,0.8161
9,4,weak-MLP,arm2,0.5,global,184,0.5652,0.7122,0.8002
9,4,weak-MLP,arm2,0.5,0,13,0.9231,0.96,0.1667
9,4,weak-MLP,arm2,0.5,1,27,0.8148,0.8936,0.6905
9,4,weak-MLP,arm2,0.5,2,62,0.0645,0.0,nan
9,4,weak-MLP,arm2,0.5,3,82,0.8049,0.8919,0.8384
9,4,weak-MLP,arm2,0.1,global,184,0.5652,0.7122,0.8002
9,4,weak-MLP,arm2,0.1,0,75,0.2933,0.4301,0.8191
9,4,weak-MLP,arm2,0.1,1,7,0.7143,0.8333,nan
9,4,weak-MLP,arm2,0.1,2,87,0.8506,0.9182,0.7453
9,4,weak-MLP,arm2,0.1,3,15,0.2,0.1429,1.0
9,4,weak-MLP,arm2,natural,global,184,0.5652,0.7122,0.8002
9,4,weak-MLP,arm2,natural,0,59,0.5085,0.6506,0.7154
9,4,weak-MLP,arm2,natural,1,59,0.322,0.4595,0.8238
9,4,weak-MLP,arm2,natural,2,25,0.96,0.9796,nan
9,4,weak-MLP,arm2,natural,3,41,0.7561,0.8611,0.7323
